<?xml version="1.0" encoding="UTF-8"?>
<kml xmlns="http://www.opengis.net/kml/2.2">
  <Document>
    <name>DISTRITO 11 - 2 BRIGADAS</name>
    <description>64 polígonos en Morelia distribuidos en 2 Brigadas balanceadas por cercanía métrica</description>
<Placemark>
        <name>968</name>
        <description><![CDATA[description: nombre: <br>descripción: <br>ID: 33708.0000000000<br>ENTIDAD: 16<br>DISTRITO_F: 10<br>DISTRITO_L: 11<br>MUNICIPIO: 54<br>TIPO: 2<br>CONTROL: 0.0000000000<br>nombre: <br>descripción: <br>ID: 33708.0000000000<br>ENTIDAD: 16<br>DISTRITO_F: 10<br>DISTRITO_L: 11<br>MUNICIPIO: 54<br>TIPO: 2<br>CONTROL: 0.0000000000]]></description>
        
        <ExtendedData>
          <Data name="description">
            <value>nombre: 
descripción: 
ID: 33708.0000000000
ENTIDAD: 16
DISTRITO_F: 10
DISTRITO_L: 11
MUNICIPIO: 54
TIPO: 2
CONTROL: 0.0000000000</value>
          </Data>
          <Data name="nombre">
            <value/>
          </Data>
          <Data name="descripción">
            <value/>
          </Data>
          <Data name="ID">
            <value>33708.0000000000</value>
          </Data>
          <Data name="ENTIDAD">
            <value>16</value>
          </Data>
          <Data name="DISTRITO_F">
            <value>10</value>
          </Data>
          <Data name="DISTRITO_L">
            <value>11</value>
          </Data>
          <Data name="MUNICIPIO">
            <value>54</value>
          </Data>
          <Data name="TIPO">
            <value>2</value>
          </Data>
          <Data name="CONTROL">
            <value>0.0000000000</value>
          </Data>
        </ExtendedData>
        <Polygon>
          <outerBoundaryIs>
            <LinearRing>
              <tessellate>1</tessellate>
              <coordinates>
                -101.188259,19.712523,0
                -101.18822,19.712248,0
                -101.188211,19.712193,0
                -101.188265,19.711659,0
                -101.188305,19.711548,0
                -101.188326,19.711491,0
                -101.188499,19.711132,0
                -101.188646,19.710812,0
                -101.188392,19.710765,0
                -101.188256,19.710775,0
                -101.188097,19.7108,0
                -101.187815,19.710873,0
                -101.187779,19.710887,0
                -101.187644,19.710937,0
                -101.187413,19.711024,0
                -101.187221,19.7111,0
                -101.187083,19.711155,0
                -101.186669,19.711352,0
                -101.186625,19.71138,0
                -101.186612,19.710725,0
                -101.185314,19.71073,0
                -101.185311,19.711584,0
                -101.185311,19.711695,0
                -101.185301,19.712127,0
                -101.185283,19.712307,0
                -101.185313,19.713,0
                -101.185244,19.713122,0
                -101.185267,19.713159,0
                -101.185562,19.713638,0
                -101.185605,19.713675,0
                -101.185698,19.713755,0
                -101.185873,19.713618,0
                -101.186172,19.713424,0
                -101.186511,19.713261,0
                -101.187072,19.713083,0
                -101.18758,19.712924,0
                -101.18806,19.712772,0
                -101.188255,19.712732,0
                -101.188319,19.712719,0
                -101.188284,19.712602,0
                -101.188276,19.712574,0
                -101.188259,19.712523,0
              </coordinates>
            </LinearRing>
          </outerBoundaryIs>
        </Polygon>
      
      <Style>
        <PolyStyle>
          <color>801b1bdc</color>
        </PolyStyle>
        <LineStyle>
          <color>ff1b1bdc</color>
          <width>2</width>
        </LineStyle>
      </Style>
    </Placemark>

<Placemark>
        <name>969</name>
        <description><![CDATA[description: nombre: <br>descripción: <br>ID: 33709.0000000000<br>ENTIDAD: 16<br>DISTRITO_F: 10<br>DISTRITO_L: 11<br>MUNICIPIO: 54<br>TIPO: 2<br>CONTROL: 0.0000000000<br>nombre: <br>descripción: <br>ID: 33709.0000000000<br>ENTIDAD: 16<br>DISTRITO_F: 10<br>DISTRITO_L: 11<br>MUNICIPIO: 54<br>TIPO: 2<br>CONTROL: 0.0000000000]]></description>
        
        <ExtendedData>
          <Data name="description">
            <value>nombre: 
descripción: 
ID: 33709.0000000000
ENTIDAD: 16
DISTRITO_F: 10
DISTRITO_L: 11
MUNICIPIO: 54
TIPO: 2
CONTROL: 0.0000000000</value>
          </Data>
          <Data name="nombre">
            <value/>
          </Data>
          <Data name="descripción">
            <value/>
          </Data>
          <Data name="ID">
            <value>33709.0000000000</value>
          </Data>
          <Data name="ENTIDAD">
            <value>16</value>
          </Data>
          <Data name="DISTRITO_F">
            <value>10</value>
          </Data>
          <Data name="DISTRITO_L">
            <value>11</value>
          </Data>
          <Data name="MUNICIPIO">
            <value>54</value>
          </Data>
          <Data name="TIPO">
            <value>2</value>
          </Data>
          <Data name="CONTROL">
            <value>0.0000000000</value>
          </Data>
        </ExtendedData>
        <Polygon>
          <outerBoundaryIs>
            <LinearRing>
              <tessellate>1</tessellate>
              <coordinates>
                -101.182886,19.715865,0
                -101.183434,19.715452,0
                -101.184021,19.715012,0
                -101.184427,19.714711,0
                -101.184451,19.714691,0
                -101.185063,19.714225,0
                -101.185534,19.713882,0
                -101.185698,19.713755,0
                -101.185605,19.713675,0
                -101.185562,19.713638,0
                -101.185267,19.713159,0
                -101.185244,19.713122,0
                -101.185313,19.713,0
                -101.185283,19.712307,0
                -101.185301,19.712127,0
                -101.185311,19.711695,0
                -101.185311,19.711584,0
                -101.185314,19.71073,0
                -101.184802,19.710725,0
                -101.184014,19.710717,0
                -101.184012,19.711576,0
                -101.182724,19.71158,0
                -101.182736,19.712436,0
                -101.18272,19.713299,0
                -101.182735,19.714014,0
                -101.18233,19.714145,0
                -101.182342,19.714188,0
                -101.182791,19.71569,0
                -101.182837,19.715774,0
                -101.182886,19.715865,0
              </coordinates>
            </LinearRing>
          </outerBoundaryIs>
        </Polygon>
      
      <Style>
        <PolyStyle>
          <color>801b1bdc</color>
        </PolyStyle>
        <LineStyle>
          <color>ff1b1bdc</color>
          <width>2</width>
        </LineStyle>
      </Style>
    </Placemark>

<Placemark>
        <name>970</name>
        <description><![CDATA[description: nombre: <br>descripción: <br>ID: 33710.0000000000<br>ENTIDAD: 16<br>DISTRITO_F: 10<br>DISTRITO_L: 11<br>MUNICIPIO: 54<br>TIPO: 2<br>CONTROL: 0.0000000000<br>nombre: <br>descripción: <br>ID: 33710.0000000000<br>ENTIDAD: 16<br>DISTRITO_F: 10<br>DISTRITO_L: 11<br>MUNICIPIO: 54<br>TIPO: 2<br>CONTROL: 0.0000000000]]></description>
        
        <ExtendedData>
          <Data name="description">
            <value>nombre: 
descripción: 
ID: 33710.0000000000
ENTIDAD: 16
DISTRITO_F: 10
DISTRITO_L: 11
MUNICIPIO: 54
TIPO: 2
CONTROL: 0.0000000000</value>
          </Data>
          <Data name="nombre">
            <value/>
          </Data>
          <Data name="descripción">
            <value/>
          </Data>
          <Data name="ID">
            <value>33710.0000000000</value>
          </Data>
          <Data name="ENTIDAD">
            <value>16</value>
          </Data>
          <Data name="DISTRITO_F">
            <value>10</value>
          </Data>
          <Data name="DISTRITO_L">
            <value>11</value>
          </Data>
          <Data name="MUNICIPIO">
            <value>54</value>
          </Data>
          <Data name="TIPO">
            <value>2</value>
          </Data>
          <Data name="CONTROL">
            <value>0.0000000000</value>
          </Data>
        </ExtendedData>
        <Polygon>
          <outerBoundaryIs>
            <LinearRing>
              <tessellate>1</tessellate>
              <coordinates>
                -101.179236,19.718409,0
                -101.179261,19.718453,0
                -101.17928,19.718478,0
                -101.179332,19.718545,0
                -101.179952,19.718091,0
                -101.181239,19.717103,0
                -101.182214,19.71637,0
                -101.182334,19.71628,0
                -101.182886,19.715865,0
                -101.182837,19.715774,0
                -101.182791,19.71569,0
                -101.182342,19.714188,0
                -101.18233,19.714145,0
                -101.182735,19.714014,0
                -101.18272,19.713299,0
                -101.182736,19.712436,0
                -101.182724,19.71158,0
                -101.182727,19.710719,0
                -101.181449,19.710722,0
                -101.180158,19.710725,0
                -101.179372,19.710726,0
                -101.179185,19.710726,0
                -101.179159,19.711127,0
                -101.179129,19.711552,0
                -101.179127,19.711582,0
                -101.179125,19.711627,0
                -101.1791,19.712436,0
                -101.179065,19.713305,0
                -101.178953,19.714161,0
                -101.178862,19.71497,0
                -101.178866,19.715029,0
                -101.178895,19.715085,0
                -101.178916,19.715155,0
                -101.178926,19.715349,0
                -101.178928,19.715401,0
                -101.178926,19.715605,0
                -101.178925,19.715817,0
                -101.178932,19.716004,0
                -101.178934,19.71614,0
                -101.178956,19.71645,0
                -101.178963,19.716628,0
                -101.17896,19.716768,0
                -101.178965,19.716931,0
                -101.178968,19.717001,0
                -101.178997,19.717167,0
                -101.179013,19.717332,0
                -101.179028,19.717485,0
                -101.179031,19.717684,0
                -101.179033,19.717854,0
                -101.179063,19.718087,0
                -101.179124,19.718269,0
                -101.179162,19.718317,0
                -101.179236,19.718409,0
              </coordinates>
            </LinearRing>
          </outerBoundaryIs>
        </Polygon>
      
      <Style>
        <PolyStyle>
          <color>801b1bdc</color>
        </PolyStyle>
        <LineStyle>
          <color>ff1b1bdc</color>
          <width>2</width>
        </LineStyle>
      </Style>
    </Placemark>

<Placemark>
        <name>971</name>
        <description><![CDATA[description: nombre: <br>descripción: <br>ID: 33711.0000000000<br>ENTIDAD: 16<br>DISTRITO_F: 10<br>DISTRITO_L: 11<br>MUNICIPIO: 54<br>TIPO: 2<br>CONTROL: 0.0000000000<br>nombre: <br>descripción: <br>ID: 33711.0000000000<br>ENTIDAD: 16<br>DISTRITO_F: 10<br>DISTRITO_L: 11<br>MUNICIPIO: 54<br>TIPO: 2<br>CONTROL: 0.0000000000]]></description>
        
        <ExtendedData>
          <Data name="description">
            <value>nombre: 
descripción: 
ID: 33711.0000000000
ENTIDAD: 16
DISTRITO_F: 10
DISTRITO_L: 11
MUNICIPIO: 54
TIPO: 2
CONTROL: 0.0000000000</value>
          </Data>
          <Data name="nombre">
            <value/>
          </Data>
          <Data name="descripción">
            <value/>
          </Data>
          <Data name="ID">
            <value>33711.0000000000</value>
          </Data>
          <Data name="ENTIDAD">
            <value>16</value>
          </Data>
          <Data name="DISTRITO_F">
            <value>10</value>
          </Data>
          <Data name="DISTRITO_L">
            <value>11</value>
          </Data>
          <Data name="MUNICIPIO">
            <value>54</value>
          </Data>
          <Data name="TIPO">
            <value>2</value>
          </Data>
          <Data name="CONTROL">
            <value>0.0000000000</value>
          </Data>
        </ExtendedData>
        <Polygon>
          <outerBoundaryIs>
            <LinearRing>
              <tessellate>1</tessellate>
              <coordinates>
                -101.178769,19.715026,0
                -101.178862,19.71497,0
                -101.178953,19.714161,0
                -101.179065,19.713305,0
                -101.1791,19.712436,0
                -101.17869,19.712439,0
                -101.177869,19.712445,0
                -101.17785,19.712445,0
                -101.17783,19.712884,0
                -101.177799,19.713307,0
                -101.177755,19.714161,0
                -101.177697,19.715026,0
                -101.178527,19.715026,0
                -101.178769,19.715026,0
              </coordinates>
            </LinearRing>
          </outerBoundaryIs>
        </Polygon>
      
      <Style>
        <PolyStyle>
          <color>801b1bdc</color>
        </PolyStyle>
        <LineStyle>
          <color>ff1b1bdc</color>
          <width>2</width>
        </LineStyle>
      </Style>
    </Placemark>

<Placemark>
        <name>988</name>
        <description><![CDATA[description: nombre: <br>descripción: <br>ID: 33728.0000000000<br>ENTIDAD: 16<br>DISTRITO_F: 10<br>DISTRITO_L: 11<br>MUNICIPIO: 54<br>TIPO: 2<br>CONTROL: 0.0000000000<br>nombre: <br>descripción: <br>ID: 33728.0000000000<br>ENTIDAD: 16<br>DISTRITO_F: 10<br>DISTRITO_L: 11<br>MUNICIPIO: 54<br>TIPO: 2<br>CONTROL: 0.0000000000]]></description>
        
        <ExtendedData>
          <Data name="description">
            <value>nombre: 
descripción: 
ID: 33728.0000000000
ENTIDAD: 16
DISTRITO_F: 10
DISTRITO_L: 11
MUNICIPIO: 54
TIPO: 2
CONTROL: 0.0000000000</value>
          </Data>
          <Data name="nombre">
            <value/>
          </Data>
          <Data name="descripción">
            <value/>
          </Data>
          <Data name="ID">
            <value>33728.0000000000</value>
          </Data>
          <Data name="ENTIDAD">
            <value>16</value>
          </Data>
          <Data name="DISTRITO_F">
            <value>10</value>
          </Data>
          <Data name="DISTRITO_L">
            <value>11</value>
          </Data>
          <Data name="MUNICIPIO">
            <value>54</value>
          </Data>
          <Data name="TIPO">
            <value>2</value>
          </Data>
          <Data name="CONTROL">
            <value>0.0000000000</value>
          </Data>
        </ExtendedData>
        <Polygon>
          <outerBoundaryIs>
            <LinearRing>
              <tessellate>1</tessellate>
              <coordinates>
                -101.177954,19.71072,0
                -101.178003,19.70986,0
                -101.178042,19.709005,0
                -101.177199,19.708996,0
                -101.177253,19.708153,0
                -101.176558,19.708152,0
                -101.176396,19.708151,0
                -101.176171,19.708151,0
                -101.176018,19.708147,0
                -101.175827,19.708103,0
                -101.175667,19.708993,0
                -101.175506,19.709894,0
                -101.175362,19.710723,0
                -101.175623,19.710725,0
                -101.176227,19.710724,0
                -101.1771,19.710722,0
                -101.177954,19.71072,0
              </coordinates>
            </LinearRing>
          </outerBoundaryIs>
        </Polygon>
      
      <Style>
        <PolyStyle>
          <color>801b1bdc</color>
        </PolyStyle>
        <LineStyle>
          <color>ff1b1bdc</color>
          <width>2</width>
        </LineStyle>
      </Style>
    </Placemark>

<Placemark>
        <name>989</name>
        <description><![CDATA[description: nombre: <br>descripción: <br>ID: 33729.0000000000<br>ENTIDAD: 16<br>DISTRITO_F: 10<br>DISTRITO_L: 11<br>MUNICIPIO: 54<br>TIPO: 2<br>CONTROL: 0.0000000000<br>nombre: <br>descripción: <br>ID: 33729.0000000000<br>ENTIDAD: 16<br>DISTRITO_F: 10<br>DISTRITO_L: 11<br>MUNICIPIO: 54<br>TIPO: 2<br>CONTROL: 0.0000000000]]></description>
        
        <ExtendedData>
          <Data name="description">
            <value>nombre: 
descripción: 
ID: 33729.0000000000
ENTIDAD: 16
DISTRITO_F: 10
DISTRITO_L: 11
MUNICIPIO: 54
TIPO: 2
CONTROL: 0.0000000000</value>
          </Data>
          <Data name="nombre">
            <value/>
          </Data>
          <Data name="descripción">
            <value/>
          </Data>
          <Data name="ID">
            <value>33729.0000000000</value>
          </Data>
          <Data name="ENTIDAD">
            <value>16</value>
          </Data>
          <Data name="DISTRITO_F">
            <value>10</value>
          </Data>
          <Data name="DISTRITO_L">
            <value>11</value>
          </Data>
          <Data name="MUNICIPIO">
            <value>54</value>
          </Data>
          <Data name="TIPO">
            <value>2</value>
          </Data>
          <Data name="CONTROL">
            <value>0.0000000000</value>
          </Data>
        </ExtendedData>
        <Polygon>
          <outerBoundaryIs>
            <LinearRing>
              <tessellate>1</tessellate>
              <coordinates>
                -101.1791,19.712436,0
                -101.179125,19.711627,0
                -101.179127,19.711582,0
                -101.179129,19.711552,0
                -101.179159,19.711127,0
                -101.179185,19.710726,0
                -101.179372,19.710726,0
                -101.180158,19.710725,0
                -101.180152,19.710339,0
                -101.180168,19.709861,0
                -101.18017,19.709003,0
                -101.180158,19.708148,0
                -101.179734,19.708147,0
                -101.17917,19.708145,0
                -101.178684,19.708144,0
                -101.178077,19.708146,0
                -101.17806,19.708587,0
                -101.178042,19.709005,0
                -101.178003,19.70986,0
                -101.177954,19.71072,0
                -101.177911,19.711563,0
                -101.177887,19.712027,0
                -101.17785,19.712445,0
                -101.177869,19.712445,0
                -101.17869,19.712439,0
                -101.1791,19.712436,0
              </coordinates>
            </LinearRing>
          </outerBoundaryIs>
        </Polygon>
      
      <Style>
        <PolyStyle>
          <color>801b1bdc</color>
        </PolyStyle>
        <LineStyle>
          <color>ff1b1bdc</color>
          <width>2</width>
        </LineStyle>
      </Style>
    </Placemark>

<Placemark>
        <name>990</name>
        <description><![CDATA[description: nombre: <br>descripción: <br>ID: 33730.0000000000<br>ENTIDAD: 16<br>DISTRITO_F: 10<br>DISTRITO_L: 11<br>MUNICIPIO: 54<br>TIPO: 2<br>CONTROL: 0.0000000000<br>nombre: <br>descripción: <br>ID: 33730.0000000000<br>ENTIDAD: 16<br>DISTRITO_F: 10<br>DISTRITO_L: 11<br>MUNICIPIO: 54<br>TIPO: 2<br>CONTROL: 0.0000000000]]></description>
        
        <ExtendedData>
          <Data name="description">
            <value>nombre: 
descripción: 
ID: 33730.0000000000
ENTIDAD: 16
DISTRITO_F: 10
DISTRITO_L: 11
MUNICIPIO: 54
TIPO: 2
CONTROL: 0.0000000000</value>
          </Data>
          <Data name="nombre">
            <value/>
          </Data>
          <Data name="descripción">
            <value/>
          </Data>
          <Data name="ID">
            <value>33730.0000000000</value>
          </Data>
          <Data name="ENTIDAD">
            <value>16</value>
          </Data>
          <Data name="DISTRITO_F">
            <value>10</value>
          </Data>
          <Data name="DISTRITO_L">
            <value>11</value>
          </Data>
          <Data name="MUNICIPIO">
            <value>54</value>
          </Data>
          <Data name="TIPO">
            <value>2</value>
          </Data>
          <Data name="CONTROL">
            <value>0.0000000000</value>
          </Data>
        </ExtendedData>
        <Polygon>
          <outerBoundaryIs>
            <LinearRing>
              <tessellate>1</tessellate>
              <coordinates>
                -101.180168,19.709861,0
                -101.180734,19.709862,0
                -101.181459,19.709862,0
                -101.181454,19.709005,0
                -101.181436,19.708151,0
                -101.180158,19.708148,0
                -101.18017,19.709003,0
                -101.180168,19.709861,0
              </coordinates>
            </LinearRing>
          </outerBoundaryIs>
        </Polygon>
      
      <Style>
        <PolyStyle>
          <color>801b1bdc</color>
        </PolyStyle>
        <LineStyle>
          <color>ff1b1bdc</color>
          <width>2</width>
        </LineStyle>
      </Style>
    </Placemark>

<Placemark>
        <name>991</name>
        <description><![CDATA[description: nombre: <br>descripción: <br>ID: 33731.0000000000<br>ENTIDAD: 16<br>DISTRITO_F: 10<br>DISTRITO_L: 11<br>MUNICIPIO: 54<br>TIPO: 2<br>CONTROL: 0.0000000000<br>nombre: <br>descripción: <br>ID: 33731.0000000000<br>ENTIDAD: 16<br>DISTRITO_F: 10<br>DISTRITO_L: 11<br>MUNICIPIO: 54<br>TIPO: 2<br>CONTROL: 0.0000000000]]></description>
        
        <ExtendedData>
          <Data name="description">
            <value>nombre: 
descripción: 
ID: 33731.0000000000
ENTIDAD: 16
DISTRITO_F: 10
DISTRITO_L: 11
MUNICIPIO: 54
TIPO: 2
CONTROL: 0.0000000000</value>
          </Data>
          <Data name="nombre">
            <value/>
          </Data>
          <Data name="descripción">
            <value/>
          </Data>
          <Data name="ID">
            <value>33731.0000000000</value>
          </Data>
          <Data name="ENTIDAD">
            <value>16</value>
          </Data>
          <Data name="DISTRITO_F">
            <value>10</value>
          </Data>
          <Data name="DISTRITO_L">
            <value>11</value>
          </Data>
          <Data name="MUNICIPIO">
            <value>54</value>
          </Data>
          <Data name="TIPO">
            <value>2</value>
          </Data>
          <Data name="CONTROL">
            <value>0.0000000000</value>
          </Data>
        </ExtendedData>
        <Polygon>
          <outerBoundaryIs>
            <LinearRing>
              <tessellate>1</tessellate>
              <coordinates>
                -101.182727,19.710719,0
                -101.182722,19.709862,0
                -101.182731,19.709005,0
                -101.182729,19.708861,0
                -101.18272,19.708722,0
                -101.182711,19.708564,0
                -101.182675,19.708425,0
                -101.182653,19.708393,0
                -101.182638,19.708294,0
                -101.182625,19.708196,0
                -101.18247,19.708063,0
                -101.18222,19.708153,0
                -101.181436,19.708151,0
                -101.181454,19.709005,0
                -101.181459,19.709862,0
                -101.180734,19.709862,0
                -101.180168,19.709861,0
                -101.180152,19.710339,0
                -101.180158,19.710725,0
                -101.181449,19.710722,0
                -101.182727,19.710719,0
              </coordinates>
            </LinearRing>
          </outerBoundaryIs>
        </Polygon>
      
      <Style>
        <PolyStyle>
          <color>801b1bdc</color>
        </PolyStyle>
        <LineStyle>
          <color>ff1b1bdc</color>
          <width>2</width>
        </LineStyle>
      </Style>
    </Placemark>

<Placemark>
        <name>992</name>
        <description><![CDATA[description: nombre: <br>descripción: <br>ID: 33732.0000000000<br>ENTIDAD: 16<br>DISTRITO_F: 10<br>DISTRITO_L: 11<br>MUNICIPIO: 54<br>TIPO: 2<br>CONTROL: 0.0000000000<br>nombre: <br>descripción: <br>ID: 33732.0000000000<br>ENTIDAD: 16<br>DISTRITO_F: 10<br>DISTRITO_L: 11<br>MUNICIPIO: 54<br>TIPO: 2<br>CONTROL: 0.0000000000]]></description>
        
        <ExtendedData>
          <Data name="description">
            <value>nombre: 
descripción: 
ID: 33732.0000000000
ENTIDAD: 16
DISTRITO_F: 10
DISTRITO_L: 11
MUNICIPIO: 54
TIPO: 2
CONTROL: 0.0000000000</value>
          </Data>
          <Data name="nombre">
            <value/>
          </Data>
          <Data name="descripción">
            <value/>
          </Data>
          <Data name="ID">
            <value>33732.0000000000</value>
          </Data>
          <Data name="ENTIDAD">
            <value>16</value>
          </Data>
          <Data name="DISTRITO_F">
            <value>10</value>
          </Data>
          <Data name="DISTRITO_L">
            <value>11</value>
          </Data>
          <Data name="MUNICIPIO">
            <value>54</value>
          </Data>
          <Data name="TIPO">
            <value>2</value>
          </Data>
          <Data name="CONTROL">
            <value>0.0000000000</value>
          </Data>
        </ExtendedData>
        <Polygon>
          <outerBoundaryIs>
            <LinearRing>
              <tessellate>1</tessellate>
              <coordinates>
                -101.185314,19.71073,0
                -101.185316,19.709858,0
                -101.185319,19.709027,0
                -101.184017,19.709008,0
                -101.182731,19.709005,0
                -101.182722,19.709862,0
                -101.182727,19.710719,0
                -101.182724,19.71158,0
                -101.184012,19.711576,0
                -101.184014,19.710717,0
                -101.184802,19.710725,0
                -101.185314,19.71073,0
              </coordinates>
            </LinearRing>
          </outerBoundaryIs>
        </Polygon>
      
      <Style>
        <PolyStyle>
          <color>801b1bdc</color>
        </PolyStyle>
        <LineStyle>
          <color>ff1b1bdc</color>
          <width>2</width>
        </LineStyle>
      </Style>
    </Placemark>

<Placemark>
        <name>993</name>
        <description><![CDATA[description: nombre: <br>descripción: <br>ID: 33733.0000000000<br>ENTIDAD: 16<br>DISTRITO_F: 10<br>DISTRITO_L: 11<br>MUNICIPIO: 54<br>TIPO: 2<br>CONTROL: 0.0000000000<br>nombre: <br>descripción: <br>ID: 33733.0000000000<br>ENTIDAD: 16<br>DISTRITO_F: 10<br>DISTRITO_L: 11<br>MUNICIPIO: 54<br>TIPO: 2<br>CONTROL: 0.0000000000]]></description>
        
        <ExtendedData>
          <Data name="description">
            <value>nombre: 
descripción: 
ID: 33733.0000000000
ENTIDAD: 16
DISTRITO_F: 10
DISTRITO_L: 11
MUNICIPIO: 54
TIPO: 2
CONTROL: 0.0000000000</value>
          </Data>
          <Data name="nombre">
            <value/>
          </Data>
          <Data name="descripción">
            <value/>
          </Data>
          <Data name="ID">
            <value>33733.0000000000</value>
          </Data>
          <Data name="ENTIDAD">
            <value>16</value>
          </Data>
          <Data name="DISTRITO_F">
            <value>10</value>
          </Data>
          <Data name="DISTRITO_L">
            <value>11</value>
          </Data>
          <Data name="MUNICIPIO">
            <value>54</value>
          </Data>
          <Data name="TIPO">
            <value>2</value>
          </Data>
          <Data name="CONTROL">
            <value>0.0000000000</value>
          </Data>
        </ExtendedData>
        <Polygon>
          <outerBoundaryIs>
            <LinearRing>
              <tessellate>1</tessellate>
              <coordinates>
                -101.186612,19.710725,0
                -101.186625,19.71138,0
                -101.186669,19.711352,0
                -101.187083,19.711155,0
                -101.187221,19.7111,0
                -101.187413,19.711024,0
                -101.187644,19.710937,0
                -101.187779,19.710887,0
                -101.187815,19.710873,0
                -101.188097,19.7108,0
                -101.188256,19.710775,0
                -101.188392,19.710765,0
                -101.188402,19.710745,0
                -101.188619,19.709326,0
                -101.188659,19.709062,0
                -101.188357,19.709164,0
                -101.187972,19.709291,0
                -101.187594,19.709499,0
                -101.187412,19.709595,0
                -101.187265,19.709672,0
                -101.186911,19.709792,0
                -101.186716,19.709847,0
                -101.186594,19.709866,0
                -101.186274,19.709864,0
                -101.185316,19.709858,0
                -101.185314,19.71073,0
                -101.186612,19.710725,0
              </coordinates>
            </LinearRing>
          </outerBoundaryIs>
        </Polygon>
      
      <Style>
        <PolyStyle>
          <color>801b1bdc</color>
        </PolyStyle>
        <LineStyle>
          <color>ff1b1bdc</color>
          <width>2</width>
        </LineStyle>
      </Style>
    </Placemark>

<Placemark>
        <name>994</name>
        <description><![CDATA[description: nombre: <br>descripción: <br>ID: 33734.0000000000<br>ENTIDAD: 16<br>DISTRITO_F: 10<br>DISTRITO_L: 11<br>MUNICIPIO: 54<br>TIPO: 2<br>CONTROL: 0.0000000000<br>nombre: <br>descripción: <br>ID: 33734.0000000000<br>ENTIDAD: 16<br>DISTRITO_F: 10<br>DISTRITO_L: 11<br>MUNICIPIO: 54<br>TIPO: 2<br>CONTROL: 0.0000000000]]></description>
        
        <ExtendedData>
          <Data name="description">
            <value>nombre: 
descripción: 
ID: 33734.0000000000
ENTIDAD: 16
DISTRITO_F: 10
DISTRITO_L: 11
MUNICIPIO: 54
TIPO: 2
CONTROL: 0.0000000000</value>
          </Data>
          <Data name="nombre">
            <value/>
          </Data>
          <Data name="descripción">
            <value/>
          </Data>
          <Data name="ID">
            <value>33734.0000000000</value>
          </Data>
          <Data name="ENTIDAD">
            <value>16</value>
          </Data>
          <Data name="DISTRITO_F">
            <value>10</value>
          </Data>
          <Data name="DISTRITO_L">
            <value>11</value>
          </Data>
          <Data name="MUNICIPIO">
            <value>54</value>
          </Data>
          <Data name="TIPO">
            <value>2</value>
          </Data>
          <Data name="CONTROL">
            <value>0.0000000000</value>
          </Data>
        </ExtendedData>
        <Polygon>
          <outerBoundaryIs>
            <LinearRing>
              <tessellate>1</tessellate>
              <coordinates>
                -101.185316,19.709858,0
                -101.186274,19.709864,0
                -101.186594,19.709866,0
                -101.186716,19.709847,0
                -101.186911,19.709792,0
                -101.187265,19.709672,0
                -101.187412,19.709595,0
                -101.187594,19.709499,0
                -101.187972,19.709291,0
                -101.188357,19.709164,0
                -101.188659,19.709062,0
                -101.188774,19.70832,0
                -101.188808,19.708119,0
                -101.188373,19.708184,0
                -101.188337,19.70819,0
                -101.187671,19.708232,0
                -101.187323,19.708241,0
                -101.187011,19.70825,0
                -101.186371,19.708257,0
                -101.185823,19.708264,0
                -101.185332,19.708258,0
                -101.185008,19.708255,0
                -101.18387,19.708227,0
                -101.18301,19.708206,0
                -101.182625,19.708196,0
                -101.182638,19.708294,0
                -101.182653,19.708393,0
                -101.182675,19.708425,0
                -101.182711,19.708564,0
                -101.18272,19.708722,0
                -101.182729,19.708861,0
                -101.182731,19.709005,0
                -101.184017,19.709008,0
                -101.185319,19.709027,0
                -101.185316,19.709858,0
              </coordinates>
            </LinearRing>
          </outerBoundaryIs>
        </Polygon>
      
      <Style>
        <PolyStyle>
          <color>801b1bdc</color>
        </PolyStyle>
        <LineStyle>
          <color>ff1b1bdc</color>
          <width>2</width>
        </LineStyle>
      </Style>
    </Placemark>

<Placemark>
        <name>1206</name>
        <description><![CDATA[description: nombre: <br>descripción: <br>ID: 33498.0000000000<br>ENTIDAD: 16<br>DISTRITO_F: 10<br>DISTRITO_L: 11<br>MUNICIPIO: 54<br>TIPO: 2<br>CONTROL: 0.0000000000<br>nombre: <br>descripción: <br>ID: 33498.0000000000<br>ENTIDAD: 16<br>DISTRITO_F: 10<br>DISTRITO_L: 11<br>MUNICIPIO: 54<br>TIPO: 2<br>CONTROL: 0.0000000000]]></description>
        
        <ExtendedData>
          <Data name="description">
            <value>nombre: 
descripción: 
ID: 33498.0000000000
ENTIDAD: 16
DISTRITO_F: 10
DISTRITO_L: 11
MUNICIPIO: 54
TIPO: 2
CONTROL: 0.0000000000</value>
          </Data>
          <Data name="nombre">
            <value/>
          </Data>
          <Data name="descripción">
            <value/>
          </Data>
          <Data name="ID">
            <value>33498.0000000000</value>
          </Data>
          <Data name="ENTIDAD">
            <value>16</value>
          </Data>
          <Data name="DISTRITO_F">
            <value>10</value>
          </Data>
          <Data name="DISTRITO_L">
            <value>11</value>
          </Data>
          <Data name="MUNICIPIO">
            <value>54</value>
          </Data>
          <Data name="TIPO">
            <value>2</value>
          </Data>
          <Data name="CONTROL">
            <value>0.0000000000</value>
          </Data>
        </ExtendedData>
        <Polygon>
          <outerBoundaryIs>
            <LinearRing>
              <tessellate>1</tessellate>
              <coordinates>
                -101.183237,19.728004,0
                -101.183264,19.727735,0
                -101.18329,19.727516,0
                -101.183319,19.727273,0
                -101.183386,19.726992,0
                -101.18343,19.726815,0
                -101.183585,19.726387,0
                -101.183733,19.726037,0
                -101.18391,19.725701,0
                -101.184054,19.725483,0
                -101.184099,19.725423,0
                -101.184118,19.725397,0
                -101.184249,19.725221,0
                -101.184404,19.725018,0
                -101.184482,19.72493,0
                -101.184692,19.724701,0
                -101.184862,19.724535,0
                -101.185477,19.724027,0
                -101.186083,19.723528,0
                -101.186699,19.723015,0
                -101.18698,19.722775,0
                -101.187002,19.722757,0
                -101.187427,19.722383,0
                -101.18799,19.721758,0
                -101.188029,19.721694,0
                -101.188133,19.721518,0
                -101.188187,19.721412,0
                -101.188236,19.721323,0
                -101.188293,19.721197,0
                -101.188369,19.720978,0
                -101.188431,19.720684,0
                -101.188496,19.719911,0
                -101.188505,19.719699,0
                -101.188514,19.719502,0
                -101.188585,19.718534,0
                -101.188622,19.718041,0
                -101.188655,19.717272,0
                -101.187387,19.71717,0
                -101.186419,19.717102,0
                -101.186426,19.716853,0
                -101.186369,19.716819,0
                -101.186159,19.71658,0
                -101.186148,19.716492,0
                -101.185876,19.716187,0
                -101.18581,19.716239,0
                -101.1853,19.716643,0
                -101.184748,19.717081,0
                -101.183601,19.715624,0
                -101.183565,19.715587,0
                -101.183434,19.715452,0
                -101.182886,19.715865,0
                -101.182334,19.71628,0
                -101.182214,19.71637,0
                -101.181239,19.717103,0
                -101.179952,19.718091,0
                -101.179332,19.718545,0
                -101.178548,19.719121,0
                -101.178138,19.71944,0
                -101.178062,19.719499,0
                -101.177991,19.719555,0
                -101.178045,19.719596,0
                -101.178093,19.71963,0
                -101.178111,19.719642,0
                -101.178414,19.719855,0
                -101.178662,19.720029,0
                -101.178869,19.720122,0
                -101.179082,19.720158,0
                -101.178767,19.720359,0
                -101.17882,19.720391,0
                -101.178952,19.720469,0
                -101.178989,19.720491,0
                -101.179018,19.72051,0
                -101.179151,19.720594,0
                -101.17867,19.721538,0
                -101.178413,19.722046,0
                -101.178959,19.722419,0
                -101.179278,19.722832,0
                -101.179658,19.72312,0
                -101.179774,19.723225,0
                -101.179962,19.723511,0
                -101.180245,19.723654,0
                -101.180732,19.723706,0
                -101.180566,19.72485,0
                -101.180573,19.724906,0
                -101.18052,19.725283,0
                -101.180436,19.725843,0
                -101.180352,19.726407,0
                -101.180001,19.726353,0
                -101.179629,19.726296,0
                -101.179592,19.726531,0
                -101.179444,19.727486,0
                -101.180188,19.727588,0
                -101.181259,19.727735,0
                -101.181497,19.727768,0
                -101.181898,19.727823,0
                -101.182126,19.727854,0
                -101.182515,19.727907,0
                -101.183237,19.728004,0
              </coordinates>
            </LinearRing>
          </outerBoundaryIs>
        </Polygon>
      
      <Style>
        <PolyStyle>
          <color>801b1bdc</color>
        </PolyStyle>
        <LineStyle>
          <color>ff1b1bdc</color>
          <width>2</width>
        </LineStyle>
      </Style>
    </Placemark>

<Placemark>
        <name>974</name>
        <description><![CDATA[description: nombre: <br>descripción: <br>ID: 33714.0000000000<br>ENTIDAD: 16<br>DISTRITO_F: 10<br>DISTRITO_L: 11<br>MUNICIPIO: 54<br>TIPO: 2<br>CONTROL: 0.0000000000<br>nombre: <br>descripción: <br>ID: 33714.0000000000<br>ENTIDAD: 16<br>DISTRITO_F: 10<br>DISTRITO_L: 11<br>MUNICIPIO: 54<br>TIPO: 2<br>CONTROL: 0.0000000000]]></description>
        
        <ExtendedData>
          <Data name="description">
            <value>nombre: 
descripción: 
ID: 33714.0000000000
ENTIDAD: 16
DISTRITO_F: 10
DISTRITO_L: 11
MUNICIPIO: 54
TIPO: 2
CONTROL: 0.0000000000</value>
          </Data>
          <Data name="nombre">
            <value/>
          </Data>
          <Data name="descripción">
            <value/>
          </Data>
          <Data name="ID">
            <value>33714.0000000000</value>
          </Data>
          <Data name="ENTIDAD">
            <value>16</value>
          </Data>
          <Data name="DISTRITO_F">
            <value>10</value>
          </Data>
          <Data name="DISTRITO_L">
            <value>11</value>
          </Data>
          <Data name="MUNICIPIO">
            <value>54</value>
          </Data>
          <Data name="TIPO">
            <value>2</value>
          </Data>
          <Data name="CONTROL">
            <value>0.0000000000</value>
          </Data>
        </ExtendedData>
        <Polygon>
          <outerBoundaryIs>
            <LinearRing>
              <tessellate>1</tessellate>
              <coordinates>
                -101.175919,19.714555,0
                -101.175709,19.714495,0
                -101.175278,19.714521,0
                -101.174652,19.714538,0
                -101.173697,19.715695,0
                -101.173624,19.715784,0
                -101.173462,19.715981,0
                -101.173411,19.716043,0
                -101.173809,19.716334,0
                -101.174126,19.71658,0
                -101.174182,19.716521,0
                -101.174352,19.716343,0
                -101.175919,19.714555,0
              </coordinates>
            </LinearRing>
          </outerBoundaryIs>
        </Polygon>
      
      <Style>
        <PolyStyle>
          <color>801b1bdc</color>
        </PolyStyle>
        <LineStyle>
          <color>ff1b1bdc</color>
          <width>2</width>
        </LineStyle>
      </Style>
    </Placemark>

<Placemark>
        <name>975</name>
        <description><![CDATA[description: nombre: <br>descripción: <br>ID: 33715.0000000000<br>ENTIDAD: 16<br>DISTRITO_F: 10<br>DISTRITO_L: 11<br>MUNICIPIO: 54<br>TIPO: 2<br>CONTROL: 0.0000000000<br>nombre: <br>descripción: <br>ID: 33715.0000000000<br>ENTIDAD: 16<br>DISTRITO_F: 10<br>DISTRITO_L: 11<br>MUNICIPIO: 54<br>TIPO: 2<br>CONTROL: 0.0000000000]]></description>
        
        <ExtendedData>
          <Data name="description">
            <value>nombre: 
descripción: 
ID: 33715.0000000000
ENTIDAD: 16
DISTRITO_F: 10
DISTRITO_L: 11
MUNICIPIO: 54
TIPO: 2
CONTROL: 0.0000000000</value>
          </Data>
          <Data name="nombre">
            <value/>
          </Data>
          <Data name="descripción">
            <value/>
          </Data>
          <Data name="ID">
            <value>33715.0000000000</value>
          </Data>
          <Data name="ENTIDAD">
            <value>16</value>
          </Data>
          <Data name="DISTRITO_F">
            <value>10</value>
          </Data>
          <Data name="DISTRITO_L">
            <value>11</value>
          </Data>
          <Data name="MUNICIPIO">
            <value>54</value>
          </Data>
          <Data name="TIPO">
            <value>2</value>
          </Data>
          <Data name="CONTROL">
            <value>0.0000000000</value>
          </Data>
        </ExtendedData>
        <Polygon>
          <outerBoundaryIs>
            <LinearRing>
              <tessellate>1</tessellate>
              <coordinates>
                -101.176122,19.714989,0
                -101.175934,19.7147,0
                -101.175919,19.714555,0
                -101.174352,19.716343,0
                -101.174182,19.716521,0
                -101.174126,19.71658,0
                -101.174526,19.71689,0
                -101.174573,19.716828,0
                -101.174725,19.716629,0
                -101.176122,19.714989,0
              </coordinates>
            </LinearRing>
          </outerBoundaryIs>
        </Polygon>
      
      <Style>
        <PolyStyle>
          <color>801b1bdc</color>
        </PolyStyle>
        <LineStyle>
          <color>ff1b1bdc</color>
          <width>2</width>
        </LineStyle>
      </Style>
    </Placemark>

<Placemark>
        <name>976</name>
        <description><![CDATA[description: nombre: <br>descripción: <br>ID: 33716.0000000000<br>ENTIDAD: 16<br>DISTRITO_F: 10<br>DISTRITO_L: 11<br>MUNICIPIO: 54<br>TIPO: 2<br>CONTROL: 0.0000000000<br>nombre: <br>descripción: <br>ID: 33716.0000000000<br>ENTIDAD: 16<br>DISTRITO_F: 10<br>DISTRITO_L: 11<br>MUNICIPIO: 54<br>TIPO: 2<br>CONTROL: 0.0000000000]]></description>
        
        <ExtendedData>
          <Data name="description">
            <value>nombre: 
descripción: 
ID: 33716.0000000000
ENTIDAD: 16
DISTRITO_F: 10
DISTRITO_L: 11
MUNICIPIO: 54
TIPO: 2
CONTROL: 0.0000000000</value>
          </Data>
          <Data name="nombre">
            <value/>
          </Data>
          <Data name="descripción">
            <value/>
          </Data>
          <Data name="ID">
            <value>33716.0000000000</value>
          </Data>
          <Data name="ENTIDAD">
            <value>16</value>
          </Data>
          <Data name="DISTRITO_F">
            <value>10</value>
          </Data>
          <Data name="DISTRITO_L">
            <value>11</value>
          </Data>
          <Data name="MUNICIPIO">
            <value>54</value>
          </Data>
          <Data name="TIPO">
            <value>2</value>
          </Data>
          <Data name="CONTROL">
            <value>0.0000000000</value>
          </Data>
        </ExtendedData>
        <Polygon>
          <outerBoundaryIs>
            <LinearRing>
              <tessellate>1</tessellate>
              <coordinates>
                -101.176658,19.715778,0
                -101.176396,19.715391,0
                -101.176172,19.715062,0
                -101.176122,19.714989,0
                -101.174725,19.716629,0
                -101.174573,19.716828,0
                -101.174526,19.71689,0
                -101.174641,19.71698,0
                -101.17525,19.71745,0
                -101.175303,19.717387,0
                -101.175463,19.717195,0
                -101.176658,19.715778,0
              </coordinates>
            </LinearRing>
          </outerBoundaryIs>
        </Polygon>
      
      <Style>
        <PolyStyle>
          <color>801b1bdc</color>
        </PolyStyle>
        <LineStyle>
          <color>ff1b1bdc</color>
          <width>2</width>
        </LineStyle>
      </Style>
    </Placemark>

<Placemark>
        <name>977</name>
        <description><![CDATA[description: nombre: <br>descripción: <br>ID: 33717.0000000000<br>ENTIDAD: 16<br>DISTRITO_F: 10<br>DISTRITO_L: 11<br>MUNICIPIO: 54<br>TIPO: 2<br>CONTROL: 0.0000000000<br>nombre: <br>descripción: <br>ID: 33717.0000000000<br>ENTIDAD: 16<br>DISTRITO_F: 10<br>DISTRITO_L: 11<br>MUNICIPIO: 54<br>TIPO: 2<br>CONTROL: 0.0000000000]]></description>
        
        <ExtendedData>
          <Data name="description">
            <value>nombre: 
descripción: 
ID: 33717.0000000000
ENTIDAD: 16
DISTRITO_F: 10
DISTRITO_L: 11
MUNICIPIO: 54
TIPO: 2
CONTROL: 0.0000000000</value>
          </Data>
          <Data name="nombre">
            <value/>
          </Data>
          <Data name="descripción">
            <value/>
          </Data>
          <Data name="ID">
            <value>33717.0000000000</value>
          </Data>
          <Data name="ENTIDAD">
            <value>16</value>
          </Data>
          <Data name="DISTRITO_F">
            <value>10</value>
          </Data>
          <Data name="DISTRITO_L">
            <value>11</value>
          </Data>
          <Data name="MUNICIPIO">
            <value>54</value>
          </Data>
          <Data name="TIPO">
            <value>2</value>
          </Data>
          <Data name="CONTROL">
            <value>0.0000000000</value>
          </Data>
        </ExtendedData>
        <Polygon>
          <outerBoundaryIs>
            <LinearRing>
              <tessellate>1</tessellate>
              <coordinates>
                -101.177467,19.716952,0
                -101.177424,19.716866,0
                -101.177201,19.716596,0
                -101.176936,19.716189,0
                -101.17674,19.715896,0
                -101.176658,19.715778,0
                -101.175463,19.717195,0
                -101.175303,19.717387,0
                -101.17525,19.71745,0
                -101.176022,19.718047,0
                -101.176543,19.718439,0
                -101.176673,19.718546,0
                -101.176706,19.718573,0
                -101.1769,19.718732,0
                -101.176951,19.718774,0
                -101.177603,19.71926,0
                -101.177905,19.719489,0
                -101.177925,19.719505,0
                -101.177991,19.719555,0
                -101.178062,19.719499,0
                -101.178138,19.71944,0
                -101.178548,19.719121,0
                -101.178514,19.719052,0
                -101.1785,19.719025,0
                -101.178483,19.71899,0
                -101.177534,19.717087,0
                -101.177467,19.716952,0
              </coordinates>
            </LinearRing>
          </outerBoundaryIs>
        </Polygon>
      
      <Style>
        <PolyStyle>
          <color>801b1bdc</color>
        </PolyStyle>
        <LineStyle>
          <color>ff1b1bdc</color>
          <width>2</width>
        </LineStyle>
      </Style>
    </Placemark>

<Placemark>
        <name>978</name>
        <description><![CDATA[description: nombre: <br>descripción: <br>ID: 33718.0000000000<br>ENTIDAD: 16<br>DISTRITO_F: 10<br>DISTRITO_L: 11<br>MUNICIPIO: 54<br>TIPO: 2<br>CONTROL: 0.0000000000<br>nombre: <br>descripción: <br>ID: 33718.0000000000<br>ENTIDAD: 16<br>DISTRITO_F: 10<br>DISTRITO_L: 11<br>MUNICIPIO: 54<br>TIPO: 2<br>CONTROL: 0.0000000000]]></description>
        
        <ExtendedData>
          <Data name="description">
            <value>nombre: 
descripción: 
ID: 33718.0000000000
ENTIDAD: 16
DISTRITO_F: 10
DISTRITO_L: 11
MUNICIPIO: 54
TIPO: 2
CONTROL: 0.0000000000</value>
          </Data>
          <Data name="nombre">
            <value/>
          </Data>
          <Data name="descripción">
            <value/>
          </Data>
          <Data name="ID">
            <value>33718.0000000000</value>
          </Data>
          <Data name="ENTIDAD">
            <value>16</value>
          </Data>
          <Data name="DISTRITO_F">
            <value>10</value>
          </Data>
          <Data name="DISTRITO_L">
            <value>11</value>
          </Data>
          <Data name="MUNICIPIO">
            <value>54</value>
          </Data>
          <Data name="TIPO">
            <value>2</value>
          </Data>
          <Data name="CONTROL">
            <value>0.0000000000</value>
          </Data>
        </ExtendedData>
        <Polygon>
          <outerBoundaryIs>
            <LinearRing>
              <tessellate>1</tessellate>
              <coordinates>
                -101.170647,19.724869,0
                -101.171641,19.724383,0
                -101.172259,19.723906,0
                -101.173062,19.723286,0
                -101.173375,19.72305,0
                -101.173891,19.72266,0
                -101.174555,19.722163,0
                -101.175597,19.72135,0
                -101.177542,19.719898,0
                -101.17786,19.719655,0
                -101.17794,19.719593,0
                -101.177991,19.719555,0
                -101.177925,19.719505,0
                -101.177905,19.719489,0
                -101.177603,19.71926,0
                -101.176951,19.718774,0
                -101.1769,19.718732,0
                -101.176706,19.718573,0
                -101.176673,19.718546,0
                -101.176543,19.718439,0
                -101.176022,19.718047,0
                -101.17525,19.71745,0
                -101.174641,19.71698,0
                -101.174526,19.71689,0
                -101.174126,19.71658,0
                -101.173809,19.716334,0
                -101.173411,19.716043,0
                -101.173462,19.715981,0
                -101.173624,19.715784,0
                -101.173697,19.715695,0
                -101.174652,19.714538,0
                -101.175278,19.714521,0
                -101.175709,19.714495,0
                -101.175919,19.714555,0
                -101.175832,19.714441,0
                -101.175628,19.714134,0
                -101.175562,19.714035,0
                -101.175219,19.713527,0
                -101.175182,19.71336,0
                -101.175193,19.713291,0
                -101.175247,19.712449,0
                -101.1753,19.711538,0
                -101.174445,19.711538,0
                -101.174424,19.712293,0
                -101.174417,19.71245,0
                -101.17367,19.712451,0
                -101.173029,19.712452,0
                -101.17271,19.712451,0
                -101.172695,19.712623,0
                -101.172905,19.712671,0
                -101.172977,19.712722,0
                -101.173023,19.712832,0
                -101.173097,19.713027,0
                -101.173221,19.713284,0
                -101.173269,19.713795,0
                -101.173314,19.714162,0
                -101.173354,19.714561,0
                -101.173203,19.714541,0
                -101.172778,19.714499,0
                -101.171715,19.714374,0
                -101.17163,19.714364,0
                -101.171465,19.714345,0
                -101.171494,19.71449,0
                -101.171519,19.714616,0
                -101.171477,19.714576,0
                -101.171446,19.714548,0
                -101.171638,19.715561,0
                -101.171692,19.71585,0
                -101.171718,19.715988,0
                -101.171799,19.716369,0
                -101.171901,19.716849,0
                -101.172082,19.717886,0
                -101.172238,19.718176,0
                -101.172298,19.7185,0
                -101.172314,19.718586,0
                -101.172384,19.718965,0
                -101.172519,19.719376,0
                -101.172282,19.719162,0
                -101.170655,19.718862,0
                -101.170757,19.719318,0
                -101.170842,19.719721,0
                -101.170984,19.720287,0
                -101.17082,19.720389,0
                -101.170636,19.720649,0
                -101.170285,19.72118,0
                -101.170177,19.721313,0
                -101.17012,19.721337,0
                -101.169949,19.721392,0
                -101.16981,19.721436,0
                -101.169917,19.721943,0
                -101.170049,19.722557,0
                -101.1702,19.723236,0
                -101.170426,19.724062,0
                -101.170621,19.724773,0
                -101.170647,19.724869,0
              </coordinates>
            </LinearRing>
          </outerBoundaryIs>
        </Polygon>
      
      <Style>
        <PolyStyle>
          <color>801b1bdc</color>
        </PolyStyle>
        <LineStyle>
          <color>ff1b1bdc</color>
          <width>2</width>
        </LineStyle>
      </Style>
    </Placemark>

<Placemark>
        <name>987</name>
        <description><![CDATA[description: nombre: <br>descripción: <br>ID: 33727.0000000000<br>ENTIDAD: 16<br>DISTRITO_F: 10<br>DISTRITO_L: 11<br>MUNICIPIO: 54<br>TIPO: 2<br>CONTROL: 0.0000000000<br>nombre: <br>descripción: <br>ID: 33727.0000000000<br>ENTIDAD: 16<br>DISTRITO_F: 10<br>DISTRITO_L: 11<br>MUNICIPIO: 54<br>TIPO: 2<br>CONTROL: 0.0000000000]]></description>
        
        <ExtendedData>
          <Data name="description">
            <value>nombre: 
descripción: 
ID: 33727.0000000000
ENTIDAD: 16
DISTRITO_F: 10
DISTRITO_L: 11
MUNICIPIO: 54
TIPO: 2
CONTROL: 0.0000000000</value>
          </Data>
          <Data name="nombre">
            <value/>
          </Data>
          <Data name="descripción">
            <value/>
          </Data>
          <Data name="ID">
            <value>33727.0000000000</value>
          </Data>
          <Data name="ENTIDAD">
            <value>16</value>
          </Data>
          <Data name="DISTRITO_F">
            <value>10</value>
          </Data>
          <Data name="DISTRITO_L">
            <value>11</value>
          </Data>
          <Data name="MUNICIPIO">
            <value>54</value>
          </Data>
          <Data name="TIPO">
            <value>2</value>
          </Data>
          <Data name="CONTROL">
            <value>0.0000000000</value>
          </Data>
        </ExtendedData>
        <Polygon>
          <outerBoundaryIs>
            <LinearRing>
              <tessellate>1</tessellate>
              <coordinates>
                -101.1753,19.711538,0
                -101.175362,19.710723,0
                -101.174717,19.710716,0
                -101.17478,19.709912,0
                -101.174177,19.70993,0
                -101.173874,19.709933,0
                -101.173662,19.709936,0
                -101.173152,19.709913,0
                -101.17297,19.709895,0
                -101.17288,19.710928,0
                -101.172861,19.71115,0
                -101.172834,19.711455,0
                -101.172793,19.711487,0
                -101.17271,19.712451,0
                -101.173029,19.712452,0
                -101.17367,19.712451,0
                -101.174417,19.71245,0
                -101.174424,19.712293,0
                -101.174445,19.711538,0
                -101.1753,19.711538,0
              </coordinates>
            </LinearRing>
          </outerBoundaryIs>
        </Polygon>
      
      <Style>
        <PolyStyle>
          <color>801b1bdc</color>
        </PolyStyle>
        <LineStyle>
          <color>ff1b1bdc</color>
          <width>2</width>
        </LineStyle>
      </Style>
    </Placemark>

<Placemark>
        <name>995</name>
        <description><![CDATA[description: nombre: <br>descripción: <br>ID: 33735.0000000000<br>ENTIDAD: 16<br>DISTRITO_F: 10<br>DISTRITO_L: 11<br>MUNICIPIO: 54<br>TIPO: 2<br>CONTROL: 0.0000000000<br>nombre: <br>descripción: <br>ID: 33735.0000000000<br>ENTIDAD: 16<br>DISTRITO_F: 10<br>DISTRITO_L: 11<br>MUNICIPIO: 54<br>TIPO: 2<br>CONTROL: 0.0000000000]]></description>
        
        <ExtendedData>
          <Data name="description">
            <value>nombre: 
descripción: 
ID: 33735.0000000000
ENTIDAD: 16
DISTRITO_F: 10
DISTRITO_L: 11
MUNICIPIO: 54
TIPO: 2
CONTROL: 0.0000000000</value>
          </Data>
          <Data name="nombre">
            <value/>
          </Data>
          <Data name="descripción">
            <value/>
          </Data>
          <Data name="ID">
            <value>33735.0000000000</value>
          </Data>
          <Data name="ENTIDAD">
            <value>16</value>
          </Data>
          <Data name="DISTRITO_F">
            <value>10</value>
          </Data>
          <Data name="DISTRITO_L">
            <value>11</value>
          </Data>
          <Data name="MUNICIPIO">
            <value>54</value>
          </Data>
          <Data name="TIPO">
            <value>2</value>
          </Data>
          <Data name="CONTROL">
            <value>0.0000000000</value>
          </Data>
        </ExtendedData>
        <Polygon>
          <outerBoundaryIs>
            <LinearRing>
              <tessellate>1</tessellate>
              <coordinates>
                -101.188646,19.710812,0
                -101.189452,19.709447,0
                -101.189724,19.709037,0
                -101.18998,19.708596,0
                -101.190027,19.708515,0
                -101.190214,19.708226,0
                -101.19024,19.708178,0
                -101.190433,19.707836,0
                -101.190475,19.707762,0
                -101.1906,19.70754,0
                -101.190677,19.707371,0
                -101.190765,19.707063,0
                -101.190819,19.706914,0
                -101.190981,19.706461,0
                -101.191102,19.706091,0
                -101.191175,19.705953,0
                -101.191263,19.705814,0
                -101.191347,19.705682,0
                -101.191384,19.705482,0
                -101.191389,19.705339,0
                -101.191393,19.705226,0
                -101.191394,19.705207,0
                -101.191407,19.704708,0
                -101.191431,19.703829,0
                -101.191455,19.702903,0
                -101.190381,19.702884,0
                -101.18976,19.70288,0
                -101.189731,19.703744,0
                -101.189686,19.703802,0
                -101.189616,19.704666,0
                -101.18959,19.705178,0
                -101.18944,19.705358,0
                -101.189395,19.705412,0
                -101.189383,19.705588,0
                -101.189361,19.705917,0
                -101.189118,19.706914,0
                -101.189056,19.707149,0
                -101.188826,19.708009,0
                -101.188808,19.708119,0
                -101.188774,19.70832,0
                -101.188659,19.709062,0
                -101.188619,19.709326,0
                -101.188402,19.710745,0
                -101.188392,19.710765,0
                -101.188646,19.710812,0
              </coordinates>
            </LinearRing>
          </outerBoundaryIs>
        </Polygon>
      
      <Style>
        <PolyStyle>
          <color>801b1bdc</color>
        </PolyStyle>
        <LineStyle>
          <color>ff1b1bdc</color>
          <width>2</width>
        </LineStyle>
      </Style>
    </Placemark>

<Placemark>
        <name>1024</name>
        <description><![CDATA[description: nombre: <br>descripción: <br>ID: 33764.0000000000<br>ENTIDAD: 16<br>DISTRITO_F: 10<br>DISTRITO_L: 11<br>MUNICIPIO: 54<br>TIPO: 2<br>CONTROL: 0.0000000000<br>nombre: <br>descripción: <br>ID: 33764.0000000000<br>ENTIDAD: 16<br>DISTRITO_F: 10<br>DISTRITO_L: 11<br>MUNICIPIO: 54<br>TIPO: 2<br>CONTROL: 0.0000000000]]></description>
        
        <ExtendedData>
          <Data name="description">
            <value>nombre: 
descripción: 
ID: 33764.0000000000
ENTIDAD: 16
DISTRITO_F: 10
DISTRITO_L: 11
MUNICIPIO: 54
TIPO: 2
CONTROL: 0.0000000000</value>
          </Data>
          <Data name="nombre">
            <value/>
          </Data>
          <Data name="descripción">
            <value/>
          </Data>
          <Data name="ID">
            <value>33764.0000000000</value>
          </Data>
          <Data name="ENTIDAD">
            <value>16</value>
          </Data>
          <Data name="DISTRITO_F">
            <value>10</value>
          </Data>
          <Data name="DISTRITO_L">
            <value>11</value>
          </Data>
          <Data name="MUNICIPIO">
            <value>54</value>
          </Data>
          <Data name="TIPO">
            <value>2</value>
          </Data>
          <Data name="CONTROL">
            <value>0.0000000000</value>
          </Data>
        </ExtendedData>
        <Polygon>
          <outerBoundaryIs>
            <LinearRing>
              <tessellate>1</tessellate>
              <coordinates>
                -101.188808,19.708119,0
                -101.188826,19.708009,0
                -101.189056,19.707149,0
                -101.188455,19.707092,0
                -101.188327,19.707083,0
                -101.187763,19.707042,0
                -101.187322,19.70702,0
                -101.187148,19.707011,0
                -101.186533,19.70698,0
                -101.186379,19.706983,0
                -101.186371,19.708257,0
                -101.187011,19.70825,0
                -101.187323,19.708241,0
                -101.187671,19.708232,0
                -101.188337,19.70819,0
                -101.188373,19.708184,0
                -101.188808,19.708119,0
              </coordinates>
            </LinearRing>
          </outerBoundaryIs>
        </Polygon>
      
      <Style>
        <PolyStyle>
          <color>801b1bdc</color>
        </PolyStyle>
        <LineStyle>
          <color>ff1b1bdc</color>
          <width>2</width>
        </LineStyle>
      </Style>
    </Placemark>

<Placemark>
        <name>1025</name>
        <description><![CDATA[description: nombre: <br>descripción: <br>ID: 33765.0000000000<br>ENTIDAD: 16<br>DISTRITO_F: 10<br>DISTRITO_L: 11<br>MUNICIPIO: 54<br>TIPO: 2<br>CONTROL: 0.0000000000<br>nombre: <br>descripción: <br>ID: 33765.0000000000<br>ENTIDAD: 16<br>DISTRITO_F: 10<br>DISTRITO_L: 11<br>MUNICIPIO: 54<br>TIPO: 2<br>CONTROL: 0.0000000000]]></description>
        
        <ExtendedData>
          <Data name="description">
            <value>nombre: 
descripción: 
ID: 33765.0000000000
ENTIDAD: 16
DISTRITO_F: 10
DISTRITO_L: 11
MUNICIPIO: 54
TIPO: 2
CONTROL: 0.0000000000</value>
          </Data>
          <Data name="nombre">
            <value/>
          </Data>
          <Data name="descripción">
            <value/>
          </Data>
          <Data name="ID">
            <value>33765.0000000000</value>
          </Data>
          <Data name="ENTIDAD">
            <value>16</value>
          </Data>
          <Data name="DISTRITO_F">
            <value>10</value>
          </Data>
          <Data name="DISTRITO_L">
            <value>11</value>
          </Data>
          <Data name="MUNICIPIO">
            <value>54</value>
          </Data>
          <Data name="TIPO">
            <value>2</value>
          </Data>
          <Data name="CONTROL">
            <value>0.0000000000</value>
          </Data>
        </ExtendedData>
        <Polygon>
          <outerBoundaryIs>
            <LinearRing>
              <tessellate>1</tessellate>
              <coordinates>
                -101.189056,19.707149,0
                -101.189118,19.706914,0
                -101.189361,19.705917,0
                -101.189383,19.705588,0
                -101.188497,19.705636,0
                -101.187328,19.705718,0
                -101.186417,19.70569,0
                -101.186409,19.705807,0
                -101.186379,19.706983,0
                -101.186533,19.70698,0
                -101.187148,19.707011,0
                -101.187322,19.70702,0
                -101.187763,19.707042,0
                -101.188327,19.707083,0
                -101.188455,19.707092,0
                -101.189056,19.707149,0
              </coordinates>
            </LinearRing>
          </outerBoundaryIs>
        </Polygon>
      
      <Style>
        <PolyStyle>
          <color>801b1bdc</color>
        </PolyStyle>
        <LineStyle>
          <color>ff1b1bdc</color>
          <width>2</width>
        </LineStyle>
      </Style>
    </Placemark>

<Placemark>
        <name>1026</name>
        <description><![CDATA[description: nombre: <br>descripción: <br>ID: 33766.0000000000<br>ENTIDAD: 16<br>DISTRITO_F: 10<br>DISTRITO_L: 11<br>MUNICIPIO: 54<br>TIPO: 2<br>CONTROL: 0.0000000000<br>nombre: <br>descripción: <br>ID: 33766.0000000000<br>ENTIDAD: 16<br>DISTRITO_F: 10<br>DISTRITO_L: 11<br>MUNICIPIO: 54<br>TIPO: 2<br>CONTROL: 0.0000000000]]></description>
        
        <ExtendedData>
          <Data name="description">
            <value>nombre: 
descripción: 
ID: 33766.0000000000
ENTIDAD: 16
DISTRITO_F: 10
DISTRITO_L: 11
MUNICIPIO: 54
TIPO: 2
CONTROL: 0.0000000000</value>
          </Data>
          <Data name="nombre">
            <value/>
          </Data>
          <Data name="descripción">
            <value/>
          </Data>
          <Data name="ID">
            <value>33766.0000000000</value>
          </Data>
          <Data name="ENTIDAD">
            <value>16</value>
          </Data>
          <Data name="DISTRITO_F">
            <value>10</value>
          </Data>
          <Data name="DISTRITO_L">
            <value>11</value>
          </Data>
          <Data name="MUNICIPIO">
            <value>54</value>
          </Data>
          <Data name="TIPO">
            <value>2</value>
          </Data>
          <Data name="CONTROL">
            <value>0.0000000000</value>
          </Data>
        </ExtendedData>
        <Polygon>
          <outerBoundaryIs>
            <LinearRing>
              <tessellate>1</tessellate>
              <coordinates>
                -101.186371,19.708257,0
                -101.186379,19.706983,0
                -101.186409,19.705807,0
                -101.186417,19.70569,0
                -101.185475,19.705649,0
                -101.184642,19.705796,0
                -101.184141,19.705884,0
                -101.184016,19.706898,0
                -101.18387,19.708227,0
                -101.185008,19.708255,0
                -101.185332,19.708258,0
                -101.185823,19.708264,0
                -101.186371,19.708257,0
              </coordinates>
            </LinearRing>
          </outerBoundaryIs>
        </Polygon>
      
      <Style>
        <PolyStyle>
          <color>801b1bdc</color>
        </PolyStyle>
        <LineStyle>
          <color>ff1b1bdc</color>
          <width>2</width>
        </LineStyle>
      </Style>
    </Placemark>

<Placemark>
        <name>1027</name>
        <description><![CDATA[description: nombre: <br>descripción: <br>ID: 33767.0000000000<br>ENTIDAD: 16<br>DISTRITO_F: 10<br>DISTRITO_L: 11<br>MUNICIPIO: 54<br>TIPO: 2<br>CONTROL: 0.0000000000<br>nombre: <br>descripción: <br>ID: 33767.0000000000<br>ENTIDAD: 16<br>DISTRITO_F: 10<br>DISTRITO_L: 11<br>MUNICIPIO: 54<br>TIPO: 2<br>CONTROL: 0.0000000000]]></description>
        
        <ExtendedData>
          <Data name="description">
            <value>nombre: 
descripción: 
ID: 33767.0000000000
ENTIDAD: 16
DISTRITO_F: 10
DISTRITO_L: 11
MUNICIPIO: 54
TIPO: 2
CONTROL: 0.0000000000</value>
          </Data>
          <Data name="nombre">
            <value/>
          </Data>
          <Data name="descripción">
            <value/>
          </Data>
          <Data name="ID">
            <value>33767.0000000000</value>
          </Data>
          <Data name="ENTIDAD">
            <value>16</value>
          </Data>
          <Data name="DISTRITO_F">
            <value>10</value>
          </Data>
          <Data name="DISTRITO_L">
            <value>11</value>
          </Data>
          <Data name="MUNICIPIO">
            <value>54</value>
          </Data>
          <Data name="TIPO">
            <value>2</value>
          </Data>
          <Data name="CONTROL">
            <value>0.0000000000</value>
          </Data>
        </ExtendedData>
        <Polygon>
          <outerBoundaryIs>
            <LinearRing>
              <tessellate>1</tessellate>
              <coordinates>
                -101.189383,19.705588,0
                -101.189395,19.705412,0
                -101.18944,19.705358,0
                -101.18959,19.705178,0
                -101.189616,19.704666,0
                -101.189686,19.703802,0
                -101.189731,19.703744,0
                -101.18976,19.70288,0
                -101.188787,19.702867,0
                -101.187994,19.702845,0
                -101.187693,19.702837,0
                -101.18731,19.702839,0
                -101.186516,19.702852,0
                -101.18653,19.703784,0
                -101.186489,19.704577,0
                -101.186417,19.70569,0
                -101.187328,19.705718,0
                -101.188497,19.705636,0
                -101.189383,19.705588,0
              </coordinates>
            </LinearRing>
          </outerBoundaryIs>
        </Polygon>
      
      <Style>
        <PolyStyle>
          <color>801b1bdc</color>
        </PolyStyle>
        <LineStyle>
          <color>ff1b1bdc</color>
          <width>2</width>
        </LineStyle>
      </Style>
    </Placemark>

<Placemark>
        <name>1028</name>
        <description><![CDATA[description: nombre: <br>descripción: <br>ID: 33768.0000000000<br>ENTIDAD: 16<br>DISTRITO_F: 10<br>DISTRITO_L: 11<br>MUNICIPIO: 54<br>TIPO: 2<br>CONTROL: 0.0000000000<br>nombre: <br>descripción: <br>ID: 33768.0000000000<br>ENTIDAD: 16<br>DISTRITO_F: 10<br>DISTRITO_L: 11<br>MUNICIPIO: 54<br>TIPO: 2<br>CONTROL: 0.0000000000]]></description>
        
        <ExtendedData>
          <Data name="description">
            <value>nombre: 
descripción: 
ID: 33768.0000000000
ENTIDAD: 16
DISTRITO_F: 10
DISTRITO_L: 11
MUNICIPIO: 54
TIPO: 2
CONTROL: 0.0000000000</value>
          </Data>
          <Data name="nombre">
            <value/>
          </Data>
          <Data name="descripción">
            <value/>
          </Data>
          <Data name="ID">
            <value>33768.0000000000</value>
          </Data>
          <Data name="ENTIDAD">
            <value>16</value>
          </Data>
          <Data name="DISTRITO_F">
            <value>10</value>
          </Data>
          <Data name="DISTRITO_L">
            <value>11</value>
          </Data>
          <Data name="MUNICIPIO">
            <value>54</value>
          </Data>
          <Data name="TIPO">
            <value>2</value>
          </Data>
          <Data name="CONTROL">
            <value>0.0000000000</value>
          </Data>
        </ExtendedData>
        <Polygon>
          <outerBoundaryIs>
            <LinearRing>
              <tessellate>1</tessellate>
              <coordinates>
                -101.186417,19.70569,0
                -101.186489,19.704577,0
                -101.18653,19.703784,0
                -101.186516,19.702852,0
                -101.185422,19.702891,0
                -101.184213,19.702918,0
                -101.184227,19.70377,0
                -101.18421,19.704471,0
                -101.184214,19.704878,0
                -101.18419,19.705374,0
                -101.184174,19.705698,0
                -101.184141,19.705884,0
                -101.184642,19.705796,0
                -101.185475,19.705649,0
                -101.186417,19.70569,0
              </coordinates>
            </LinearRing>
          </outerBoundaryIs>
        </Polygon>
      
      <Style>
        <PolyStyle>
          <color>801b1bdc</color>
        </PolyStyle>
        <LineStyle>
          <color>ff1b1bdc</color>
          <width>2</width>
        </LineStyle>
      </Style>
    </Placemark>

<Placemark>
        <name>1029</name>
        <description><![CDATA[description: nombre: <br>descripción: <br>ID: 33769.0000000000<br>ENTIDAD: 16<br>DISTRITO_F: 10<br>DISTRITO_L: 11<br>MUNICIPIO: 54<br>TIPO: 2<br>CONTROL: 0.0000000000<br>nombre: <br>descripción: <br>ID: 33769.0000000000<br>ENTIDAD: 16<br>DISTRITO_F: 10<br>DISTRITO_L: 11<br>MUNICIPIO: 54<br>TIPO: 2<br>CONTROL: 0.0000000000]]></description>
        
        <ExtendedData>
          <Data name="description">
            <value>nombre: 
descripción: 
ID: 33769.0000000000
ENTIDAD: 16
DISTRITO_F: 10
DISTRITO_L: 11
MUNICIPIO: 54
TIPO: 2
CONTROL: 0.0000000000</value>
          </Data>
          <Data name="nombre">
            <value/>
          </Data>
          <Data name="descripción">
            <value/>
          </Data>
          <Data name="ID">
            <value>33769.0000000000</value>
          </Data>
          <Data name="ENTIDAD">
            <value>16</value>
          </Data>
          <Data name="DISTRITO_F">
            <value>10</value>
          </Data>
          <Data name="DISTRITO_L">
            <value>11</value>
          </Data>
          <Data name="MUNICIPIO">
            <value>54</value>
          </Data>
          <Data name="TIPO">
            <value>2</value>
          </Data>
          <Data name="CONTROL">
            <value>0.0000000000</value>
          </Data>
        </ExtendedData>
        <Polygon>
          <outerBoundaryIs>
            <LinearRing>
              <tessellate>1</tessellate>
              <coordinates>
                -101.184141,19.705884,0
                -101.184174,19.705698,0
                -101.18419,19.705374,0
                -101.184214,19.704878,0
                -101.18421,19.704471,0
                -101.184227,19.70377,0
                -101.184213,19.702918,0
                -101.183956,19.702923,0
                -101.183125,19.702938,0
                -101.182177,19.702658,0
                -101.18211,19.702784,0
                -101.18208,19.702883,0
                -101.182066,19.702931,0
                -101.182049,19.702958,0
                -101.181981,19.702994,0
                -101.18127,19.70331,0
                -101.181147,19.704133,0
                -101.181044,19.704796,0
                -101.180968,19.705292,0
                -101.180845,19.706088,0
                -101.180981,19.7061,0
                -101.181193,19.706118,0
                -101.181701,19.706146,0
                -101.182249,19.70612,0
                -101.182786,19.706055,0
                -101.183819,19.705921,0
                -101.184141,19.705884,0
              </coordinates>
            </LinearRing>
          </outerBoundaryIs>
        </Polygon>
      
      <Style>
        <PolyStyle>
          <color>801b1bdc</color>
        </PolyStyle>
        <LineStyle>
          <color>ff1b1bdc</color>
          <width>2</width>
        </LineStyle>
      </Style>
    </Placemark>

<Placemark>
        <name>1030</name>
        <description><![CDATA[description: nombre: <br>descripción: <br>ID: 33770.0000000000<br>ENTIDAD: 16<br>DISTRITO_F: 10<br>DISTRITO_L: 11<br>MUNICIPIO: 54<br>TIPO: 2<br>CONTROL: 0.0000000000<br>nombre: <br>descripción: <br>ID: 33770.0000000000<br>ENTIDAD: 16<br>DISTRITO_F: 10<br>DISTRITO_L: 11<br>MUNICIPIO: 54<br>TIPO: 2<br>CONTROL: 0.0000000000]]></description>
        
        <ExtendedData>
          <Data name="description">
            <value>nombre: 
descripción: 
ID: 33770.0000000000
ENTIDAD: 16
DISTRITO_F: 10
DISTRITO_L: 11
MUNICIPIO: 54
TIPO: 2
CONTROL: 0.0000000000</value>
          </Data>
          <Data name="nombre">
            <value/>
          </Data>
          <Data name="descripción">
            <value/>
          </Data>
          <Data name="ID">
            <value>33770.0000000000</value>
          </Data>
          <Data name="ENTIDAD">
            <value>16</value>
          </Data>
          <Data name="DISTRITO_F">
            <value>10</value>
          </Data>
          <Data name="DISTRITO_L">
            <value>11</value>
          </Data>
          <Data name="MUNICIPIO">
            <value>54</value>
          </Data>
          <Data name="TIPO">
            <value>2</value>
          </Data>
          <Data name="CONTROL">
            <value>0.0000000000</value>
          </Data>
        </ExtendedData>
        <Polygon>
          <outerBoundaryIs>
            <LinearRing>
              <tessellate>1</tessellate>
              <coordinates>
                -101.18387,19.708227,0
                -101.184016,19.706898,0
                -101.184141,19.705884,0
                -101.183819,19.705921,0
                -101.182786,19.706055,0
                -101.182249,19.70612,0
                -101.181701,19.706146,0
                -101.181193,19.706118,0
                -101.180981,19.7061,0
                -101.180845,19.706088,0
                -101.180696,19.706075,0
                -101.179916,19.705983,0
                -101.179895,19.70598,0
                -101.179418,19.705897,0
                -101.17899,19.705819,0
                -101.178714,19.705711,0
                -101.178652,19.705795,0
                -101.178287,19.706141,0
                -101.178158,19.706291,0
                -101.178116,19.707263,0
                -101.178077,19.708146,0
                -101.178684,19.708144,0
                -101.17917,19.708145,0
                -101.179734,19.708147,0
                -101.180158,19.708148,0
                -101.181436,19.708151,0
                -101.18222,19.708153,0
                -101.18247,19.708063,0
                -101.182625,19.708196,0
                -101.18301,19.708206,0
                -101.18387,19.708227,0
              </coordinates>
            </LinearRing>
          </outerBoundaryIs>
        </Polygon>
      
      <Style>
        <PolyStyle>
          <color>801b1bdc</color>
        </PolyStyle>
        <LineStyle>
          <color>ff1b1bdc</color>
          <width>2</width>
        </LineStyle>
      </Style>
    </Placemark>

<Placemark>
        <name>1031</name>
        <description><![CDATA[description: nombre: <br>descripción: <br>ID: 33771.0000000000<br>ENTIDAD: 16<br>DISTRITO_F: 10<br>DISTRITO_L: 11<br>MUNICIPIO: 54<br>TIPO: 2<br>CONTROL: 0.0000000000<br>nombre: <br>descripción: <br>ID: 33771.0000000000<br>ENTIDAD: 16<br>DISTRITO_F: 10<br>DISTRITO_L: 11<br>MUNICIPIO: 54<br>TIPO: 2<br>CONTROL: 0.0000000000]]></description>
        
        <ExtendedData>
          <Data name="description">
            <value>nombre: 
descripción: 
ID: 33771.0000000000
ENTIDAD: 16
DISTRITO_F: 10
DISTRITO_L: 11
MUNICIPIO: 54
TIPO: 2
CONTROL: 0.0000000000</value>
          </Data>
          <Data name="nombre">
            <value/>
          </Data>
          <Data name="descripción">
            <value/>
          </Data>
          <Data name="ID">
            <value>33771.0000000000</value>
          </Data>
          <Data name="ENTIDAD">
            <value>16</value>
          </Data>
          <Data name="DISTRITO_F">
            <value>10</value>
          </Data>
          <Data name="DISTRITO_L">
            <value>11</value>
          </Data>
          <Data name="MUNICIPIO">
            <value>54</value>
          </Data>
          <Data name="TIPO">
            <value>2</value>
          </Data>
          <Data name="CONTROL">
            <value>0.0000000000</value>
          </Data>
        </ExtendedData>
        <Polygon>
          <outerBoundaryIs>
            <LinearRing>
              <tessellate>1</tessellate>
              <coordinates>
                -101.178042,19.709005,0
                -101.17806,19.708587,0
                -101.178077,19.708146,0
                -101.178116,19.707263,0
                -101.178158,19.706291,0
                -101.178287,19.706141,0
                -101.178652,19.705795,0
                -101.178714,19.705711,0
                -101.178606,19.705659,0
                -101.178363,19.705493,0
                -101.178082,19.705219,0
                -101.177858,19.704921,0
                -101.177808,19.704822,0
                -101.177518,19.704948,0
                -101.177398,19.705001,0
                -101.176985,19.70518,0
                -101.176859,19.705237,0
                -101.176086,19.705581,0
                -101.176045,19.706084,0
                -101.175948,19.707067,0
                -101.175827,19.708103,0
                -101.176018,19.708147,0
                -101.176171,19.708151,0
                -101.176396,19.708151,0
                -101.176558,19.708152,0
                -101.177253,19.708153,0
                -101.177199,19.708996,0
                -101.178042,19.709005,0
              </coordinates>
            </LinearRing>
          </outerBoundaryIs>
        </Polygon>
      
      <Style>
        <PolyStyle>
          <color>801b1bdc</color>
        </PolyStyle>
        <LineStyle>
          <color>ff1b1bdc</color>
          <width>2</width>
        </LineStyle>
      </Style>
    </Placemark>

<Placemark>
        <name>1032</name>
        <description><![CDATA[description: nombre: <br>descripción: <br>ID: 33772.0000000000<br>ENTIDAD: 16<br>DISTRITO_F: 10<br>DISTRITO_L: 11<br>MUNICIPIO: 54<br>TIPO: 2<br>CONTROL: 0.0000000000<br>nombre: <br>descripción: <br>ID: 33772.0000000000<br>ENTIDAD: 16<br>DISTRITO_F: 10<br>DISTRITO_L: 11<br>MUNICIPIO: 54<br>TIPO: 2<br>CONTROL: 0.0000000000]]></description>
        
        <ExtendedData>
          <Data name="description">
            <value>nombre: 
descripción: 
ID: 33772.0000000000
ENTIDAD: 16
DISTRITO_F: 10
DISTRITO_L: 11
MUNICIPIO: 54
TIPO: 2
CONTROL: 0.0000000000</value>
          </Data>
          <Data name="nombre">
            <value/>
          </Data>
          <Data name="descripción">
            <value/>
          </Data>
          <Data name="ID">
            <value>33772.0000000000</value>
          </Data>
          <Data name="ENTIDAD">
            <value>16</value>
          </Data>
          <Data name="DISTRITO_F">
            <value>10</value>
          </Data>
          <Data name="DISTRITO_L">
            <value>11</value>
          </Data>
          <Data name="MUNICIPIO">
            <value>54</value>
          </Data>
          <Data name="TIPO">
            <value>2</value>
          </Data>
          <Data name="CONTROL">
            <value>0.0000000000</value>
          </Data>
        </ExtendedData>
        <Polygon>
          <outerBoundaryIs>
            <LinearRing>
              <tessellate>1</tessellate>
              <coordinates>
                -101.175362,19.710723,0
                -101.175506,19.709894,0
                -101.175667,19.708993,0
                -101.175827,19.708103,0
                -101.175948,19.707067,0
                -101.175057,19.706997,0
                -101.174154,19.706927,0
                -101.17406,19.707924,0
                -101.173559,19.707882,0
                -101.173152,19.707849,0
                -101.173062,19.708877,0
                -101.17297,19.709895,0
                -101.173152,19.709913,0
                -101.173662,19.709936,0
                -101.173874,19.709933,0
                -101.174177,19.70993,0
                -101.17478,19.709912,0
                -101.174717,19.710716,0
                -101.175362,19.710723,0
              </coordinates>
            </LinearRing>
          </outerBoundaryIs>
        </Polygon>
      
      <Style>
        <PolyStyle>
          <color>801b1bdc</color>
        </PolyStyle>
        <LineStyle>
          <color>ff1b1bdc</color>
          <width>2</width>
        </LineStyle>
      </Style>
    </Placemark>

<Placemark>
        <name>1042</name>
        <description><![CDATA[description: nombre: <br>descripción: <br>ID: 33782.0000000000<br>ENTIDAD: 16<br>DISTRITO_F: 10<br>DISTRITO_L: 11<br>MUNICIPIO: 54<br>TIPO: 2<br>CONTROL: 0.0000000000<br>nombre: <br>descripción: <br>ID: 33782.0000000000<br>ENTIDAD: 16<br>DISTRITO_F: 10<br>DISTRITO_L: 11<br>MUNICIPIO: 54<br>TIPO: 2<br>CONTROL: 0.0000000000]]></description>
        
        <ExtendedData>
          <Data name="description">
            <value>nombre: 
descripción: 
ID: 33782.0000000000
ENTIDAD: 16
DISTRITO_F: 10
DISTRITO_L: 11
MUNICIPIO: 54
TIPO: 2
CONTROL: 0.0000000000</value>
          </Data>
          <Data name="nombre">
            <value/>
          </Data>
          <Data name="descripción">
            <value/>
          </Data>
          <Data name="ID">
            <value>33782.0000000000</value>
          </Data>
          <Data name="ENTIDAD">
            <value>16</value>
          </Data>
          <Data name="DISTRITO_F">
            <value>10</value>
          </Data>
          <Data name="DISTRITO_L">
            <value>11</value>
          </Data>
          <Data name="MUNICIPIO">
            <value>54</value>
          </Data>
          <Data name="TIPO">
            <value>2</value>
          </Data>
          <Data name="CONTROL">
            <value>0.0000000000</value>
          </Data>
        </ExtendedData>
        <Polygon>
          <outerBoundaryIs>
            <LinearRing>
              <tessellate>1</tessellate>
              <coordinates>
                -101.180845,19.706088,0
                -101.180968,19.705292,0
                -101.181044,19.704796,0
                -101.181147,19.704133,0
                -101.18127,19.70331,0
                -101.180574,19.70362,0
                -101.180122,19.703816,0
                -101.179617,19.704038,0
                -101.179487,19.704092,0
                -101.177968,19.704753,0
                -101.177808,19.704822,0
                -101.177858,19.704921,0
                -101.178082,19.705219,0
                -101.178363,19.705493,0
                -101.178606,19.705659,0
                -101.178714,19.705711,0
                -101.17899,19.705819,0
                -101.179418,19.705897,0
                -101.179895,19.70598,0
                -101.179916,19.705983,0
                -101.180696,19.706075,0
                -101.180845,19.706088,0
              </coordinates>
            </LinearRing>
          </outerBoundaryIs>
        </Polygon>
      
      <Style>
        <PolyStyle>
          <color>801b1bdc</color>
        </PolyStyle>
        <LineStyle>
          <color>ff1b1bdc</color>
          <width>2</width>
        </LineStyle>
      </Style>
    </Placemark>

<Placemark>
        <name>1070</name>
        <description><![CDATA[description: nombre: <br>descripción: <br>ID: 33810.0000000000<br>ENTIDAD: 16<br>DISTRITO_F: 10<br>DISTRITO_L: 11<br>MUNICIPIO: 54<br>TIPO: 2<br>CONTROL: 0.0000000000<br>nombre: <br>descripción: <br>ID: 33810.0000000000<br>ENTIDAD: 16<br>DISTRITO_F: 10<br>DISTRITO_L: 11<br>MUNICIPIO: 54<br>TIPO: 2<br>CONTROL: 0.0000000000]]></description>
        
        <ExtendedData>
          <Data name="description">
            <value>nombre: 
descripción: 
ID: 33810.0000000000
ENTIDAD: 16
DISTRITO_F: 10
DISTRITO_L: 11
MUNICIPIO: 54
TIPO: 2
CONTROL: 0.0000000000</value>
          </Data>
          <Data name="nombre">
            <value/>
          </Data>
          <Data name="descripción">
            <value/>
          </Data>
          <Data name="ID">
            <value>33810.0000000000</value>
          </Data>
          <Data name="ENTIDAD">
            <value>16</value>
          </Data>
          <Data name="DISTRITO_F">
            <value>10</value>
          </Data>
          <Data name="DISTRITO_L">
            <value>11</value>
          </Data>
          <Data name="MUNICIPIO">
            <value>54</value>
          </Data>
          <Data name="TIPO">
            <value>2</value>
          </Data>
          <Data name="CONTROL">
            <value>0.0000000000</value>
          </Data>
        </ExtendedData>
        <Polygon>
          <outerBoundaryIs>
            <LinearRing>
              <tessellate>1</tessellate>
              <coordinates>
                -101.189788,19.698371,0
                -101.189878,19.697291,0
                -101.189883,19.69724,0
                -101.189924,19.696663,0
                -101.189936,19.696427,0
                -101.189942,19.695931,0
                -101.18935,19.69596,0
                -101.188972,19.695947,0
                -101.187787,19.69582,0
                -101.187063,19.695599,0
                -101.186017,19.695279,0
                -101.185718,19.695188,0
                -101.184897,19.694922,0
                -101.184991,19.695697,0
                -101.185138,19.696743,0
                -101.185731,19.696827,0
                -101.185721,19.69737,0
                -101.185716,19.697963,0
                -101.18572,19.698381,0
                -101.186387,19.698315,0
                -101.186987,19.698342,0
                -101.187764,19.698309,0
                -101.188046,19.6983,0
                -101.18881,19.698314,0
                -101.189352,19.698353,0
                -101.189788,19.698371,0
              </coordinates>
            </LinearRing>
          </outerBoundaryIs>
        </Polygon>
      
      <Style>
        <PolyStyle>
          <color>801b1bdc</color>
        </PolyStyle>
        <LineStyle>
          <color>ff1b1bdc</color>
          <width>2</width>
        </LineStyle>
      </Style>
    </Placemark>

<Placemark>
        <name>1071</name>
        <description><![CDATA[description: nombre: <br>descripción: <br>ID: 33811.0000000000<br>ENTIDAD: 16<br>DISTRITO_F: 10<br>DISTRITO_L: 11<br>MUNICIPIO: 54<br>TIPO: 2<br>CONTROL: 0.0000000000<br>nombre: <br>descripción: <br>ID: 33811.0000000000<br>ENTIDAD: 16<br>DISTRITO_F: 10<br>DISTRITO_L: 11<br>MUNICIPIO: 54<br>TIPO: 2<br>CONTROL: 0.0000000000]]></description>
        
        <ExtendedData>
          <Data name="description">
            <value>nombre: 
descripción: 
ID: 33811.0000000000
ENTIDAD: 16
DISTRITO_F: 10
DISTRITO_L: 11
MUNICIPIO: 54
TIPO: 2
CONTROL: 0.0000000000</value>
          </Data>
          <Data name="nombre">
            <value/>
          </Data>
          <Data name="descripción">
            <value/>
          </Data>
          <Data name="ID">
            <value>33811.0000000000</value>
          </Data>
          <Data name="ENTIDAD">
            <value>16</value>
          </Data>
          <Data name="DISTRITO_F">
            <value>10</value>
          </Data>
          <Data name="DISTRITO_L">
            <value>11</value>
          </Data>
          <Data name="MUNICIPIO">
            <value>54</value>
          </Data>
          <Data name="TIPO">
            <value>2</value>
          </Data>
          <Data name="CONTROL">
            <value>0.0000000000</value>
          </Data>
        </ExtendedData>
        <Polygon>
          <outerBoundaryIs>
            <LinearRing>
              <tessellate>1</tessellate>
              <coordinates>
                -101.187845,19.700856,0
                -101.187831,19.700509,0
                -101.187812,19.700148,0
                -101.187779,19.699893,0
                -101.187759,19.699741,0
                -101.187768,19.699135,0
                -101.187764,19.698309,0
                -101.186987,19.698342,0
                -101.186387,19.698315,0
                -101.18572,19.698381,0
                -101.185482,19.698402,0
                -101.185782,19.699038,0
                -101.186071,19.699787,0
                -101.186249,19.699746,0
                -101.186399,19.699732,0
                -101.186931,19.699725,0
                -101.186907,19.700127,0
                -101.186914,19.700813,0
                -101.187845,19.700856,0
              </coordinates>
            </LinearRing>
          </outerBoundaryIs>
        </Polygon>
      
      <Style>
        <PolyStyle>
          <color>801b1bdc</color>
        </PolyStyle>
        <LineStyle>
          <color>ff1b1bdc</color>
          <width>2</width>
        </LineStyle>
      </Style>
    </Placemark>

<Placemark>
        <name>1072</name>
        <description><![CDATA[description: nombre: <br>descripción: <br>ID: 33812.0000000000<br>ENTIDAD: 16<br>DISTRITO_F: 10<br>DISTRITO_L: 11<br>MUNICIPIO: 54<br>TIPO: 2<br>CONTROL: 0.0000000000<br>nombre: <br>descripción: <br>ID: 33812.0000000000<br>ENTIDAD: 16<br>DISTRITO_F: 10<br>DISTRITO_L: 11<br>MUNICIPIO: 54<br>TIPO: 2<br>CONTROL: 0.0000000000]]></description>
        
        <ExtendedData>
          <Data name="description">
            <value>nombre: 
descripción: 
ID: 33812.0000000000
ENTIDAD: 16
DISTRITO_F: 10
DISTRITO_L: 11
MUNICIPIO: 54
TIPO: 2
CONTROL: 0.0000000000</value>
          </Data>
          <Data name="nombre">
            <value/>
          </Data>
          <Data name="descripción">
            <value/>
          </Data>
          <Data name="ID">
            <value>33812.0000000000</value>
          </Data>
          <Data name="ENTIDAD">
            <value>16</value>
          </Data>
          <Data name="DISTRITO_F">
            <value>10</value>
          </Data>
          <Data name="DISTRITO_L">
            <value>11</value>
          </Data>
          <Data name="MUNICIPIO">
            <value>54</value>
          </Data>
          <Data name="TIPO">
            <value>2</value>
          </Data>
          <Data name="CONTROL">
            <value>0.0000000000</value>
          </Data>
        </ExtendedData>
        <Polygon>
          <outerBoundaryIs>
            <LinearRing>
              <tessellate>1</tessellate>
              <coordinates>
                -101.18572,19.698381,0
                -101.185716,19.697963,0
                -101.185721,19.69737,0
                -101.185731,19.696827,0
                -101.185138,19.696743,0
                -101.184991,19.695697,0
                -101.184897,19.694922,0
                -101.184285,19.694726,0
                -101.183662,19.694541,0
                -101.182846,19.694286,0
                -101.182655,19.695327,0
                -101.182572,19.695794,0
                -101.182476,19.696375,0
                -101.182466,19.696468,0
                -101.182466,19.696825,0
                -101.182442,19.698291,0
                -101.183134,19.698325,0
                -101.183709,19.698346,0
                -101.184095,19.698361,0
                -101.184419,19.698365,0
                -101.18515,19.698401,0
                -101.185252,19.698405,0
                -101.185482,19.698402,0
                -101.18572,19.698381,0
              </coordinates>
            </LinearRing>
          </outerBoundaryIs>
        </Polygon>
      
      <Style>
        <PolyStyle>
          <color>801b1bdc</color>
        </PolyStyle>
        <LineStyle>
          <color>ff1b1bdc</color>
          <width>2</width>
        </LineStyle>
      </Style>
    </Placemark>
<Placemark>
        <name>982</name>
        <description><![CDATA[description: nombre: <br>descripción: <br>ID: 33722.0000000000<br>ENTIDAD: 16<br>DISTRITO_F: 10<br>DISTRITO_L: 11<br>MUNICIPIO: 54<br>TIPO: 2<br>CONTROL: 0.0000000000<br>nombre: <br>descripción: <br>ID: 33722.0000000000<br>ENTIDAD: 16<br>DISTRITO_F: 10<br>DISTRITO_L: 11<br>MUNICIPIO: 54<br>TIPO: 2<br>CONTROL: 0.0000000000]]></description>
        
        <ExtendedData>
          <Data name="description">
            <value>nombre: 
descripción: 
ID: 33722.0000000000
ENTIDAD: 16
DISTRITO_F: 10
DISTRITO_L: 11
MUNICIPIO: 54
TIPO: 2
CONTROL: 0.0000000000</value>
          </Data>
          <Data name="nombre">
            <value/>
          </Data>
          <Data name="descripción">
            <value/>
          </Data>
          <Data name="ID">
            <value>33722.0000000000</value>
          </Data>
          <Data name="ENTIDAD">
            <value>16</value>
          </Data>
          <Data name="DISTRITO_F">
            <value>10</value>
          </Data>
          <Data name="DISTRITO_L">
            <value>11</value>
          </Data>
          <Data name="MUNICIPIO">
            <value>54</value>
          </Data>
          <Data name="TIPO">
            <value>2</value>
          </Data>
          <Data name="CONTROL">
            <value>0.0000000000</value>
          </Data>
        </ExtendedData>
        <Polygon>
          <outerBoundaryIs>
            <LinearRing>
              <tessellate>1</tessellate>
              <coordinates>
                -101.16981,19.721436,0
                -101.169949,19.721392,0
                -101.17012,19.721337,0
                -101.170177,19.721313,0
                -101.170285,19.72118,0
                -101.170636,19.720649,0
                -101.17082,19.720389,0
                -101.170984,19.720287,0
                -101.170842,19.719721,0
                -101.170757,19.719318,0
                -101.170655,19.718862,0
                -101.172282,19.719162,0
                -101.172519,19.719376,0
                -101.172384,19.718965,0
                -101.172314,19.718586,0
                -101.172298,19.7185,0
                -101.172238,19.718176,0
                -101.172082,19.717886,0
                -101.171901,19.716849,0
                -101.171799,19.716369,0
                -101.171718,19.715988,0
                -101.171692,19.71585,0
                -101.171638,19.715561,0
                -101.171446,19.714548,0
                -101.171409,19.714489,0
                -101.171368,19.714465,0
                -101.170882,19.714131,0
                -101.170624,19.713933,0
                -101.169762,19.713269,0
                -101.169153,19.7128,0
                -101.169029,19.712707,0
                -101.16877,19.712514,0
                -101.168499,19.71231,0
                -101.168418,19.712247,0
                -101.167095,19.711213,0
                -101.166909,19.711068,0
                -101.166946,19.71124,0
                -101.167105,19.712057,0
                -101.167266,19.712868,0
                -101.167345,19.713325,0
                -101.167437,19.713812,0
                -101.167527,19.714225,0
                -101.167618,19.714641,0
                -101.167623,19.714672,0
                -101.167787,19.715593,0
                -101.167693,19.715575,0
                -101.167473,19.715588,0
                -101.167007,19.715615,0
                -101.166889,19.715609,0
                -101.166666,19.715596,0
                -101.166282,19.715596,0
                -101.165873,19.715596,0
                -101.164899,19.715763,0
                -101.163992,19.715905,0
                -101.164134,19.716631,0
                -101.164146,19.716691,0
                -101.164346,19.717724,0
                -101.164439,19.718213,0
                -101.164477,19.718418,0
                -101.164483,19.718448,0
                -101.164568,19.718914,0
                -101.164651,19.71937,0
                -101.164681,19.719533,0
                -101.164924,19.7195,0
                -101.165648,19.71938,0
                -101.166623,19.719218,0
                -101.166543,19.718832,0
                -101.16643,19.718284,0
                -101.166379,19.718032,0
                -101.167178,19.71803,0
                -101.168195,19.717963,0
                -101.168193,19.718316,0
                -101.168238,19.718428,0
                -101.168318,19.718565,0
                -101.168431,19.718782,0
                -101.168483,19.718915,0
                -101.168511,19.718986,0
                -101.168554,19.719203,0
                -101.168619,19.719566,0
                -101.168729,19.720083,0
                -101.168779,19.720284,0
                -101.168844,19.720544,0
                -101.168958,19.720983,0
                -101.169123,19.7216,0
                -101.16911,19.721645,0
                -101.1691,19.721683,0
                -101.169356,19.721618,0
                -101.169536,19.721556,0
                -101.169738,19.721482,0
                -101.16981,19.721436,0
              </coordinates>
            </LinearRing>
          </outerBoundaryIs>
        </Polygon>
      
      <Style>
        <PolyStyle>
          <color>80eb6325</color>
        </PolyStyle>
        <LineStyle>
          <color>ffeb6325</color>
          <width>2</width>
        </LineStyle>
      </Style>
    </Placemark>

<Placemark>
        <name>1108</name>
        <description><![CDATA[description: nombre: <br>descripción: <br>ID: 33847.0000000000<br>ENTIDAD: 16<br>DISTRITO_F: 10<br>DISTRITO_L: 11<br>MUNICIPIO: 54<br>TIPO: 2<br>CONTROL: 0.0000000000<br>nombre: <br>descripción: <br>ID: 33847.0000000000<br>ENTIDAD: 16<br>DISTRITO_F: 10<br>DISTRITO_L: 11<br>MUNICIPIO: 54<br>TIPO: 2<br>CONTROL: 0.0000000000]]></description>
        
        <ExtendedData>
          <Data name="description">
            <value>nombre: 
descripción: 
ID: 33847.0000000000
ENTIDAD: 16
DISTRITO_F: 10
DISTRITO_L: 11
MUNICIPIO: 54
TIPO: 2
CONTROL: 0.0000000000</value>
          </Data>
          <Data name="nombre">
            <value/>
          </Data>
          <Data name="descripción">
            <value/>
          </Data>
          <Data name="ID">
            <value>33847.0000000000</value>
          </Data>
          <Data name="ENTIDAD">
            <value>16</value>
          </Data>
          <Data name="DISTRITO_F">
            <value>10</value>
          </Data>
          <Data name="DISTRITO_L">
            <value>11</value>
          </Data>
          <Data name="MUNICIPIO">
            <value>54</value>
          </Data>
          <Data name="TIPO">
            <value>2</value>
          </Data>
          <Data name="CONTROL">
            <value>0.0000000000</value>
          </Data>
        </ExtendedData>
        <Polygon>
          <outerBoundaryIs>
            <LinearRing>
              <tessellate>1</tessellate>
              <coordinates>
                -101.149524,19.688799,0
                -101.1491,19.68777,0
                -101.148866,19.687243,0
                -101.148834,19.687172,0
                -101.148779,19.687028,0
                -101.148691,19.686815,0
                -101.14826,19.686885,0
                -101.147964,19.686937,0
                -101.147852,19.686949,0
                -101.147393,19.687031,0
                -101.147014,19.687083,0
                -101.146613,19.687145,0
                -101.14617,19.68721,0
                -101.145947,19.687247,0
                -101.14575,19.687174,0
                -101.145802,19.687473,0
                -101.14585,19.687745,0
                -101.146045,19.688926,0
                -101.146243,19.690028,0
                -101.146974,19.689756,0
                -101.147608,19.689514,0
                -101.148251,19.689277,0
                -101.148878,19.689034,0
                -101.149524,19.688799,0
              </coordinates>
            </LinearRing>
          </outerBoundaryIs>
        </Polygon>
      
      <Style>
        <PolyStyle>
          <color>80eb6325</color>
        </PolyStyle>
        <LineStyle>
          <color>ffeb6325</color>
          <width>2</width>
        </LineStyle>
      </Style>
    </Placemark>

<Placemark>
        <name>1109</name>
        <description><![CDATA[description: nombre: <br>descripción: <br>ID: 33848.0000000000<br>ENTIDAD: 16<br>DISTRITO_F: 10<br>DISTRITO_L: 11<br>MUNICIPIO: 54<br>TIPO: 2<br>CONTROL: 0.0000000000<br>nombre: <br>descripción: <br>ID: 33848.0000000000<br>ENTIDAD: 16<br>DISTRITO_F: 10<br>DISTRITO_L: 11<br>MUNICIPIO: 54<br>TIPO: 2<br>CONTROL: 0.0000000000]]></description>
        
        <ExtendedData>
          <Data name="description">
            <value>nombre: 
descripción: 
ID: 33848.0000000000
ENTIDAD: 16
DISTRITO_F: 10
DISTRITO_L: 11
MUNICIPIO: 54
TIPO: 2
CONTROL: 0.0000000000</value>
          </Data>
          <Data name="nombre">
            <value/>
          </Data>
          <Data name="descripción">
            <value/>
          </Data>
          <Data name="ID">
            <value>33848.0000000000</value>
          </Data>
          <Data name="ENTIDAD">
            <value>16</value>
          </Data>
          <Data name="DISTRITO_F">
            <value>10</value>
          </Data>
          <Data name="DISTRITO_L">
            <value>11</value>
          </Data>
          <Data name="MUNICIPIO">
            <value>54</value>
          </Data>
          <Data name="TIPO">
            <value>2</value>
          </Data>
          <Data name="CONTROL">
            <value>0.0000000000</value>
          </Data>
        </ExtendedData>
        <Polygon>
          <outerBoundaryIs>
            <LinearRing>
              <tessellate>1</tessellate>
              <coordinates>
                -101.150214,19.691565,0
                -101.150424,19.69096,0
                -101.150391,19.690831,0
                -101.150376,19.690773,0
                -101.149952,19.689818,0
                -101.149524,19.688799,0
                -101.148878,19.689034,0
                -101.148251,19.689277,0
                -101.147608,19.689514,0
                -101.146974,19.689756,0
                -101.146243,19.690028,0
                -101.146245,19.690047,0
                -101.146257,19.690156,0
                -101.147309,19.690542,0
                -101.14769,19.690677,0
                -101.148304,19.690896,0
                -101.14904,19.691163,0
                -101.149183,19.691209,0
                -101.150105,19.691528,0
                -101.150163,19.691547,0
                -101.150214,19.691565,0
              </coordinates>
            </LinearRing>
          </outerBoundaryIs>
        </Polygon>
      
      <Style>
        <PolyStyle>
          <color>80eb6325</color>
        </PolyStyle>
        <LineStyle>
          <color>ffeb6325</color>
          <width>2</width>
        </LineStyle>
      </Style>
    </Placemark>

<Placemark>
        <name>979</name>
        <description><![CDATA[description: nombre: <br>descripción: <br>ID: 33719.0000000000<br>ENTIDAD: 16<br>DISTRITO_F: 10<br>DISTRITO_L: 11<br>MUNICIPIO: 54<br>TIPO: 2<br>CONTROL: 0.0000000000<br>nombre: <br>descripción: <br>ID: 33719.0000000000<br>ENTIDAD: 16<br>DISTRITO_F: 10<br>DISTRITO_L: 11<br>MUNICIPIO: 54<br>TIPO: 2<br>CONTROL: 0.0000000000]]></description>
        
        <ExtendedData>
          <Data name="description">
            <value>nombre: 
descripción: 
ID: 33719.0000000000
ENTIDAD: 16
DISTRITO_F: 10
DISTRITO_L: 11
MUNICIPIO: 54
TIPO: 2
CONTROL: 0.0000000000</value>
          </Data>
          <Data name="nombre">
            <value/>
          </Data>
          <Data name="descripción">
            <value/>
          </Data>
          <Data name="ID">
            <value>33719.0000000000</value>
          </Data>
          <Data name="ENTIDAD">
            <value>16</value>
          </Data>
          <Data name="DISTRITO_F">
            <value>10</value>
          </Data>
          <Data name="DISTRITO_L">
            <value>11</value>
          </Data>
          <Data name="MUNICIPIO">
            <value>54</value>
          </Data>
          <Data name="TIPO">
            <value>2</value>
          </Data>
          <Data name="CONTROL">
            <value>0.0000000000</value>
          </Data>
        </ExtendedData>
        <Polygon>
          <outerBoundaryIs>
            <LinearRing>
              <tessellate>1</tessellate>
              <coordinates>
                -101.168462,19.721805,0
                -101.168097,19.721867,0
                -101.16774,19.721937,0
                -101.167362,19.722002,0
                -101.167237,19.722023,0
                -101.166988,19.722066,0
                -101.166605,19.722132,0
                -101.166216,19.722204,0
                -101.16634,19.722839,0
                -101.166344,19.722931,0
                -101.166348,19.722998,0
                -101.16654,19.723816,0
                -101.16672,19.724535,0
                -101.166733,19.724586,0
                -101.167059,19.725547,0
                -101.167305,19.726281,0
                -101.167338,19.726378,0
                -101.168525,19.725836,0
                -101.170358,19.725001,0
                -101.170647,19.724869,0
                -101.170621,19.724773,0
                -101.170426,19.724062,0
                -101.1702,19.723236,0
                -101.170049,19.722557,0
                -101.169917,19.721943,0
                -101.16981,19.721436,0
                -101.169738,19.721482,0
                -101.169536,19.721556,0
                -101.169356,19.721618,0
                -101.1691,19.721683,0
                -101.168835,19.721733,0
                -101.168462,19.721805,0
              </coordinates>
            </LinearRing>
          </outerBoundaryIs>
        </Polygon>
      
      <Style>
        <PolyStyle>
          <color>80eb6325</color>
        </PolyStyle>
        <LineStyle>
          <color>ffeb6325</color>
          <width>2</width>
        </LineStyle>
      </Style>
    </Placemark>

<Placemark>
        <name>980</name>
        <description><![CDATA[description: nombre: <br>descripción: <br>ID: 33720.0000000000<br>ENTIDAD: 16<br>DISTRITO_F: 10<br>DISTRITO_L: 11<br>MUNICIPIO: 54<br>TIPO: 2<br>CONTROL: 0.0000000000<br>nombre: <br>descripción: <br>ID: 33720.0000000000<br>ENTIDAD: 16<br>DISTRITO_F: 10<br>DISTRITO_L: 11<br>MUNICIPIO: 54<br>TIPO: 2<br>CONTROL: 0.0000000000]]></description>
        
        <ExtendedData>
          <Data name="description">
            <value>nombre: 
descripción: 
ID: 33720.0000000000
ENTIDAD: 16
DISTRITO_F: 10
DISTRITO_L: 11
MUNICIPIO: 54
TIPO: 2
CONTROL: 0.0000000000</value>
          </Data>
          <Data name="nombre">
            <value/>
          </Data>
          <Data name="descripción">
            <value/>
          </Data>
          <Data name="ID">
            <value>33720.0000000000</value>
          </Data>
          <Data name="ENTIDAD">
            <value>16</value>
          </Data>
          <Data name="DISTRITO_F">
            <value>10</value>
          </Data>
          <Data name="DISTRITO_L">
            <value>11</value>
          </Data>
          <Data name="MUNICIPIO">
            <value>54</value>
          </Data>
          <Data name="TIPO">
            <value>2</value>
          </Data>
          <Data name="CONTROL">
            <value>0.0000000000</value>
          </Data>
        </ExtendedData>
        <Polygon>
          <outerBoundaryIs>
            <LinearRing>
              <tessellate>1</tessellate>
              <coordinates>
                -101.161172,19.72142,0
                -101.161258,19.721559,0
                -101.161499,19.721956,0
                -101.161607,19.722134,0
                -101.161631,19.722175,0
                -101.161794,19.722384,0
                -101.161886,19.722501,0
                -101.162266,19.722777,0
                -101.162354,19.723014,0
                -101.162775,19.723387,0
                -101.162923,19.72346,0
                -101.163278,19.72384,0
                -101.163646,19.72423,0
                -101.164527,19.725127,0
                -101.16419,19.725198,0
                -101.163755,19.725298,0
                -101.163304,19.725412,0
                -101.162582,19.725589,0
                -101.161876,19.725754,0
                -101.161301,19.725964,0
                -101.160368,19.726553,0
                -101.15929,19.727401,0
                -101.158677,19.727817,0
                -101.157866,19.729963,0
                -101.157871,19.730276,0
                -101.157902,19.73043,0
                -101.157924,19.730537,0
                -101.158484,19.730314,0
                -101.159417,19.729909,0
                -101.16022,19.729529,0
                -101.16042,19.729434,0
                -101.161233,19.729055,0
                -101.16212,19.728664,0
                -101.16328,19.728193,0
                -101.164008,19.727853,0
                -101.164893,19.727455,0
                -101.165529,19.727169,0
                -101.166237,19.726874,0
                -101.167338,19.726378,0
                -101.167305,19.726281,0
                -101.167059,19.725547,0
                -101.166733,19.724586,0
                -101.16672,19.724535,0
                -101.16654,19.723816,0
                -101.166348,19.722998,0
                -101.166344,19.722931,0
                -101.16634,19.722839,0
                -101.166216,19.722204,0
                -101.165837,19.722261,0
                -101.165831,19.722236,0
                -101.165819,19.722177,0
                -101.165658,19.721299,0
                -101.165631,19.721235,0
                -101.165269,19.721309,0
                -101.16512,19.720563,0
                -101.165052,19.720199,0
                -101.164989,19.719857,0
                -101.164939,19.719583,0
                -101.164924,19.7195,0
                -101.164681,19.719533,0
                -101.164651,19.71937,0
                -101.164568,19.718914,0
                -101.164483,19.718448,0
                -101.164298,19.71849,0
                -101.163644,19.718676,0
                -101.163256,19.718753,0
                -101.16283,19.718857,0
                -101.162204,19.719014,0
                -101.16199,19.719073,0
                -101.161829,19.719106,0
                -101.161132,19.719252,0
                -101.16001,19.719517,0
                -101.160248,19.719928,0
                -101.160498,19.720339,0
                -101.160746,19.720734,0
                -101.161007,19.721149,0
                -101.161172,19.72142,0
              </coordinates>
            </LinearRing>
          </outerBoundaryIs>
        </Polygon>
      
      <Style>
        <PolyStyle>
          <color>80eb6325</color>
        </PolyStyle>
        <LineStyle>
          <color>ffeb6325</color>
          <width>2</width>
        </LineStyle>
      </Style>
    </Placemark>

<Placemark>
        <name>981</name>
        <description><![CDATA[description: nombre: <br>descripción: <br>ID: 33721.0000000000<br>ENTIDAD: 16<br>DISTRITO_F: 10<br>DISTRITO_L: 11<br>MUNICIPIO: 54<br>TIPO: 2<br>CONTROL: 0.0000000000<br>nombre: <br>descripción: <br>ID: 33721.0000000000<br>ENTIDAD: 16<br>DISTRITO_F: 10<br>DISTRITO_L: 11<br>MUNICIPIO: 54<br>TIPO: 2<br>CONTROL: 0.0000000000]]></description>
        
        <ExtendedData>
          <Data name="description">
            <value>nombre: 
descripción: 
ID: 33721.0000000000
ENTIDAD: 16
DISTRITO_F: 10
DISTRITO_L: 11
MUNICIPIO: 54
TIPO: 2
CONTROL: 0.0000000000</value>
          </Data>
          <Data name="nombre">
            <value/>
          </Data>
          <Data name="descripción">
            <value/>
          </Data>
          <Data name="ID">
            <value>33721.0000000000</value>
          </Data>
          <Data name="ENTIDAD">
            <value>16</value>
          </Data>
          <Data name="DISTRITO_F">
            <value>10</value>
          </Data>
          <Data name="DISTRITO_L">
            <value>11</value>
          </Data>
          <Data name="MUNICIPIO">
            <value>54</value>
          </Data>
          <Data name="TIPO">
            <value>2</value>
          </Data>
          <Data name="CONTROL">
            <value>0.0000000000</value>
          </Data>
        </ExtendedData>
        <Polygon>
          <outerBoundaryIs>
            <LinearRing>
              <tessellate>1</tessellate>
              <coordinates>
                -101.1691,19.721683,0
                -101.16911,19.721645,0
                -101.169123,19.7216,0
                -101.168958,19.720983,0
                -101.168844,19.720544,0
                -101.168779,19.720284,0
                -101.168729,19.720083,0
                -101.168619,19.719566,0
                -101.168554,19.719203,0
                -101.168511,19.718986,0
                -101.168483,19.718915,0
                -101.168431,19.718782,0
                -101.168318,19.718565,0
                -101.168238,19.718428,0
                -101.168193,19.718316,0
                -101.168195,19.717963,0
                -101.167178,19.71803,0
                -101.166379,19.718032,0
                -101.16643,19.718284,0
                -101.166543,19.718832,0
                -101.166623,19.719218,0
                -101.165648,19.71938,0
                -101.164924,19.7195,0
                -101.164939,19.719583,0
                -101.164989,19.719857,0
                -101.165052,19.720199,0
                -101.16512,19.720563,0
                -101.165269,19.721309,0
                -101.165631,19.721235,0
                -101.165658,19.721299,0
                -101.165819,19.722177,0
                -101.165831,19.722236,0
                -101.165837,19.722261,0
                -101.166216,19.722204,0
                -101.166605,19.722132,0
                -101.166988,19.722066,0
                -101.167237,19.722023,0
                -101.167362,19.722002,0
                -101.16774,19.721937,0
                -101.168097,19.721867,0
                -101.168462,19.721805,0
                -101.168835,19.721733,0
                -101.1691,19.721683,0
              </coordinates>
            </LinearRing>
          </outerBoundaryIs>
        </Polygon>
      
      <Style>
        <PolyStyle>
          <color>80eb6325</color>
        </PolyStyle>
        <LineStyle>
          <color>ffeb6325</color>
          <width>2</width>
        </LineStyle>
      </Style>
    </Placemark>

<Placemark>
        <name>983</name>
        <description><![CDATA[description: nombre: <br>descripción: <br>ID: 33723.0000000000<br>ENTIDAD: 16<br>DISTRITO_F: 10<br>DISTRITO_L: 11<br>MUNICIPIO: 54<br>TIPO: 2<br>CONTROL: 0.0000000000<br>nombre: <br>descripción: <br>ID: 33723.0000000000<br>ENTIDAD: 16<br>DISTRITO_F: 10<br>DISTRITO_L: 11<br>MUNICIPIO: 54<br>TIPO: 2<br>CONTROL: 0.0000000000]]></description>
        
        <ExtendedData>
          <Data name="description">
            <value>nombre: 
descripción: 
ID: 33723.0000000000
ENTIDAD: 16
DISTRITO_F: 10
DISTRITO_L: 11
MUNICIPIO: 54
TIPO: 2
CONTROL: 0.0000000000</value>
          </Data>
          <Data name="nombre">
            <value/>
          </Data>
          <Data name="descripción">
            <value/>
          </Data>
          <Data name="ID">
            <value>33723.0000000000</value>
          </Data>
          <Data name="ENTIDAD">
            <value>16</value>
          </Data>
          <Data name="DISTRITO_F">
            <value>10</value>
          </Data>
          <Data name="DISTRITO_L">
            <value>11</value>
          </Data>
          <Data name="MUNICIPIO">
            <value>54</value>
          </Data>
          <Data name="TIPO">
            <value>2</value>
          </Data>
          <Data name="CONTROL">
            <value>0.0000000000</value>
          </Data>
        </ExtendedData>
        <Polygon>
          <outerBoundaryIs>
            <LinearRing>
              <tessellate>1</tessellate>
              <coordinates>
                -101.164483,19.718448,0
                -101.164477,19.718418,0
                -101.164439,19.718213,0
                -101.164346,19.717724,0
                -101.164146,19.716691,0
                -101.164134,19.716631,0
                -101.163992,19.715905,0
                -101.163931,19.715602,0
                -101.162886,19.716196,0
                -101.162526,19.715607,0
                -101.162377,19.715366,0
                -101.161471,19.715877,0
                -101.160582,19.71638,0
                -101.159677,19.716886,0
                -101.158722,19.717417,0
                -101.159251,19.718284,0
                -101.159783,19.719148,0
                -101.16001,19.719517,0
                -101.161132,19.719252,0
                -101.161829,19.719106,0
                -101.16199,19.719073,0
                -101.162204,19.719014,0
                -101.16283,19.718857,0
                -101.163256,19.718753,0
                -101.163644,19.718676,0
                -101.164298,19.71849,0
                -101.164483,19.718448,0
              </coordinates>
            </LinearRing>
          </outerBoundaryIs>
        </Polygon>
      
      <Style>
        <PolyStyle>
          <color>80eb6325</color>
        </PolyStyle>
        <LineStyle>
          <color>ffeb6325</color>
          <width>2</width>
        </LineStyle>
      </Style>
    </Placemark>

<Placemark>
        <name>984</name>
        <description><![CDATA[description: nombre: <br>descripción: <br>ID: 33724.0000000000<br>ENTIDAD: 16<br>DISTRITO_F: 10<br>DISTRITO_L: 11<br>MUNICIPIO: 54<br>TIPO: 2<br>CONTROL: 0.0000000000<br>nombre: <br>descripción: <br>ID: 33724.0000000000<br>ENTIDAD: 16<br>DISTRITO_F: 10<br>DISTRITO_L: 11<br>MUNICIPIO: 54<br>TIPO: 2<br>CONTROL: 0.0000000000]]></description>
        
        <ExtendedData>
          <Data name="description">
            <value>nombre: 
descripción: 
ID: 33724.0000000000
ENTIDAD: 16
DISTRITO_F: 10
DISTRITO_L: 11
MUNICIPIO: 54
TIPO: 2
CONTROL: 0.0000000000</value>
          </Data>
          <Data name="nombre">
            <value/>
          </Data>
          <Data name="descripción">
            <value/>
          </Data>
          <Data name="ID">
            <value>33724.0000000000</value>
          </Data>
          <Data name="ENTIDAD">
            <value>16</value>
          </Data>
          <Data name="DISTRITO_F">
            <value>10</value>
          </Data>
          <Data name="DISTRITO_L">
            <value>11</value>
          </Data>
          <Data name="MUNICIPIO">
            <value>54</value>
          </Data>
          <Data name="TIPO">
            <value>2</value>
          </Data>
          <Data name="CONTROL">
            <value>0.0000000000</value>
          </Data>
        </ExtendedData>
        <Polygon>
          <outerBoundaryIs>
            <LinearRing>
              <tessellate>1</tessellate>
              <coordinates>
                -101.136487,19.729324,0
                -101.135574,19.729817,0
                -101.135274,19.730003,0
                -101.135155,19.730103,0
                -101.135096,19.730152,0
                -101.134989,19.730287,0
                -101.134863,19.730483,0
                -101.134706,19.730783,0
                -101.134338,19.731578,0
                -101.134231,19.731749,0
                -101.134136,19.731848,0
                -101.133971,19.73199,0
                -101.133723,19.732145,0
                -101.133378,19.732337,0
                -101.132664,19.732741,0
                -101.131873,19.733158,0
                -101.131184,19.733507,0
                -101.130908,19.733653,0
                -101.130394,19.733936,0
                -101.130036,19.734135,0
                -101.129711,19.734272,0
                -101.129455,19.734361,0
                -101.129295,19.734399,0
                -101.129071,19.734444,0
                -101.128711,19.734479,0
                -101.12829,19.734463,0
                -101.127689,19.7344,0
                -101.127316,19.734362,0
                -101.126872,19.734312,0
                -101.126338,19.734252,0
                -101.125573,19.734163,0
                -101.125116,19.734071,0
                -101.124613,19.73395,0
                -101.124322,19.733882,0
                -101.123129,19.736641,0
                -101.123598,19.736583,0
                -101.123785,19.73663,0
                -101.124474,19.737014,0
                -101.124714,19.737168,0
                -101.124913,19.737332,0
                -101.125221,19.737675,0
                -101.125323,19.737788,0
                -101.125763,19.738233,0
                -101.126437,19.739049,0
                -101.126878,19.739524,0
                -101.12716,19.739775,0
                -101.127311,19.739885,0
                -101.127579,19.740084,0
                -101.127996,19.740295,0
                -101.128401,19.740457,0
                -101.128983,19.740597,0
                -101.129553,19.740639,0
                -101.129998,19.740614,0
                -101.130412,19.740609,0
                -101.130867,19.740555,0
                -101.13111,19.740502,0
                -101.131249,19.740472,0
                -101.131557,19.74035,0
                -101.13189,19.740184,0
                -101.132209,19.739983,0
                -101.132559,19.73953,0
                -101.132795,19.739035,0
                -101.133058,19.738482,0
                -101.133304,19.737576,0
                -101.133803,19.735779,0
                -101.133936,19.735149,0
                -101.134085,19.734766,0
                -101.134255,19.734428,0
                -101.134419,19.734191,0
                -101.134637,19.733921,0
                -101.134735,19.733854,0
                -101.134803,19.733807,0
                -101.134863,19.733766,0
                -101.135115,19.733573,0
                -101.135415,19.733404,0
                -101.135695,19.733312,0
                -101.135916,19.733265,0
                -101.136224,19.733217,0
                -101.13676,19.733191,0
                -101.137718,19.733116,0
                -101.138428,19.73307,0
                -101.138931,19.733038,0
                -101.13934,19.733014,0
                -101.140104,19.732986,0
                -101.140854,19.732939,0
                -101.141672,19.732897,0
                -101.142054,19.732887,0
                -101.142797,19.732821,0
                -101.143145,19.732734,0
                -101.143505,19.732596,0
                -101.143871,19.732376,0
                -101.144263,19.732054,0
                -101.144627,19.731694,0
                -101.145199,19.730836,0
                -101.145508,19.730413,0
                -101.145831,19.729996,0
                -101.146232,19.729401,0
                -101.146357,19.729222,0
                -101.146521,19.728934,0
                -101.146726,19.728697,0
                -101.146911,19.728517,0
                -101.14711,19.728343,0
                -101.147476,19.72811,0
                -101.147709,19.72798,0
                -101.147983,19.7279,0
                -101.148317,19.727839,0
                -101.148827,19.727821,0
                -101.149155,19.727829,0
                -101.14968,19.727969,0
                -101.150537,19.728321,0
                -101.151434,19.728723,0
                -101.152257,19.7291,0
                -101.15304,19.729484,0
                -101.15385,19.729881,0
                -101.154532,19.730184,0
                -101.155369,19.730568,0
                -101.155813,19.730696,0
                -101.156116,19.730762,0
                -101.156532,19.730795,0
                -101.156927,19.730784,0
                -101.157282,19.730754,0
                -101.157563,19.730681,0
                -101.157924,19.730537,0
                -101.157902,19.73043,0
                -101.157871,19.730276,0
                -101.157866,19.729963,0
                -101.158677,19.727817,0
                -101.15929,19.727401,0
                -101.160368,19.726553,0
                -101.161301,19.725964,0
                -101.161876,19.725754,0
                -101.162582,19.725589,0
                -101.163304,19.725412,0
                -101.163755,19.725298,0
                -101.16419,19.725198,0
                -101.164527,19.725127,0
                -101.163646,19.72423,0
                -101.163278,19.72384,0
                -101.162923,19.72346,0
                -101.162775,19.723387,0
                -101.162354,19.723014,0
                -101.162266,19.722777,0
                -101.161886,19.722501,0
                -101.161794,19.722384,0
                -101.161631,19.722175,0
                -101.161607,19.722134,0
                -101.161499,19.721956,0
                -101.161258,19.721559,0
                -101.161172,19.72142,0
                -101.161007,19.721149,0
                -101.160746,19.720734,0
                -101.160498,19.720339,0
                -101.160248,19.719928,0
                -101.16001,19.719517,0
                -101.159783,19.719148,0
                -101.159251,19.718284,0
                -101.158722,19.717417,0
                -101.159677,19.716886,0
                -101.160582,19.71638,0
                -101.161471,19.715877,0
                -101.162377,19.715366,0
                -101.162095,19.714906,0
                -101.161841,19.714493,0
                -101.161574,19.714058,0
                -101.161555,19.714028,0
                -101.161313,19.713627,0
                -101.160797,19.712771,0
                -101.160599,19.712455,0
                -101.160057,19.71271,0
                -101.159638,19.712907,0
                -101.159566,19.712942,0
                -101.159198,19.713116,0
                -101.15867,19.713367,0
                -101.158461,19.71349,0
                -101.158159,19.713669,0
                -101.157864,19.713844,0
                -101.157817,19.713872,0
                -101.157707,19.713957,0
                -101.157556,19.714074,0
                -101.156914,19.714569,0
                -101.15679,19.714664,0
                -101.156437,19.714897,0
                -101.156158,19.715092,0
                -101.156137,19.715107,0
                -101.155861,19.7153,0
                -101.15567,19.715434,0
                -101.155625,19.715466,0
                -101.155453,19.715588,0
                -101.155305,19.715694,0
                -101.154887,19.71599,0
                -101.15451,19.716278,0
                -101.154247,19.71649,0
                -101.153901,19.716764,0
                -101.153773,19.716865,0
                -101.153542,19.71704,0
                -101.153174,19.717319,0
                -101.152785,19.717613,0
                -101.15241,19.717896,0
                -101.151417,19.71868,0
                -101.151288,19.718771,0
                -101.150906,19.719038,0
                -101.150202,19.719557,0
                -101.150113,19.719623,0
                -101.149775,19.719874,0
                -101.149466,19.720103,0
                -101.149406,19.720146,0
                -101.149167,19.720318,0
                -101.148766,19.720606,0
                -101.148635,19.720702,0
                -101.148314,19.72094,0
                -101.147643,19.721436,0
                -101.147322,19.721683,0
                -101.146739,19.722116,0
                -101.146214,19.722498,0
                -101.14542,19.723101,0
                -101.144691,19.723646,0
                -101.144547,19.723751,0
                -101.14421,19.723998,0
                -101.143517,19.724504,0
                -101.142906,19.724954,0
                -101.142679,19.725121,0
                -101.142401,19.725326,0
                -101.14153,19.725984,0
                -101.140881,19.726484,0
                -101.140593,19.726701,0
                -101.140054,19.727084,0
                -101.139162,19.727743,0
                -101.138701,19.728076,0
                -101.138319,19.728365,0
                -101.137764,19.728679,0
                -101.136487,19.729324,0
              </coordinates>
            </LinearRing>
          </outerBoundaryIs>
        </Polygon>
      
      <Style>
        <PolyStyle>
          <color>80eb6325</color>
        </PolyStyle>
        <LineStyle>
          <color>ffeb6325</color>
          <width>2</width>
        </LineStyle>
      </Style>
    </Placemark>

<Placemark>
        <name>985</name>
        <description><![CDATA[description: nombre: <br>descripción: <br>ID: 33725.0000000000<br>ENTIDAD: 16<br>DISTRITO_F: 10<br>DISTRITO_L: 11<br>MUNICIPIO: 54<br>TIPO: 2<br>CONTROL: 0.0000000000<br>nombre: <br>descripción: <br>ID: 33725.0000000000<br>ENTIDAD: 16<br>DISTRITO_F: 10<br>DISTRITO_L: 11<br>MUNICIPIO: 54<br>TIPO: 2<br>CONTROL: 0.0000000000]]></description>
        
        <ExtendedData>
          <Data name="description">
            <value>nombre: 
descripción: 
ID: 33725.0000000000
ENTIDAD: 16
DISTRITO_F: 10
DISTRITO_L: 11
MUNICIPIO: 54
TIPO: 2
CONTROL: 0.0000000000</value>
          </Data>
          <Data name="nombre">
            <value/>
          </Data>
          <Data name="descripción">
            <value/>
          </Data>
          <Data name="ID">
            <value>33725.0000000000</value>
          </Data>
          <Data name="ENTIDAD">
            <value>16</value>
          </Data>
          <Data name="DISTRITO_F">
            <value>10</value>
          </Data>
          <Data name="DISTRITO_L">
            <value>11</value>
          </Data>
          <Data name="MUNICIPIO">
            <value>54</value>
          </Data>
          <Data name="TIPO">
            <value>2</value>
          </Data>
          <Data name="CONTROL">
            <value>0.0000000000</value>
          </Data>
        </ExtendedData>
        <Polygon>
          <outerBoundaryIs>
            <LinearRing>
              <tessellate>1</tessellate>
              <coordinates>
                -101.167787,19.715593,0
                -101.167623,19.714672,0
                -101.167618,19.714641,0
                -101.167527,19.714225,0
                -101.167437,19.713812,0
                -101.167345,19.713325,0
                -101.167266,19.712868,0
                -101.167105,19.712057,0
                -101.166946,19.71124,0
                -101.166909,19.711068,0
                -101.166873,19.711041,0
                -101.166532,19.710769,0
                -101.165883,19.710249,0
                -101.165785,19.710171,0
                -101.165049,19.710501,0
                -101.164524,19.710738,0
                -101.163971,19.71097,0
                -101.163095,19.711359,0
                -101.162412,19.711687,0
                -101.161703,19.711987,0
                -101.160599,19.712455,0
                -101.160797,19.712771,0
                -101.161313,19.713627,0
                -101.161555,19.714028,0
                -101.161574,19.714058,0
                -101.161841,19.714493,0
                -101.162095,19.714906,0
                -101.162377,19.715366,0
                -101.162526,19.715607,0
                -101.162886,19.716196,0
                -101.163931,19.715602,0
                -101.163992,19.715905,0
                -101.164899,19.715763,0
                -101.165873,19.715596,0
                -101.166282,19.715596,0
                -101.166666,19.715596,0
                -101.166889,19.715609,0
                -101.167007,19.715615,0
                -101.167473,19.715588,0
                -101.167693,19.715575,0
                -101.167787,19.715593,0
              </coordinates>
            </LinearRing>
          </outerBoundaryIs>
        </Polygon>
      
      <Style>
        <PolyStyle>
          <color>80eb6325</color>
        </PolyStyle>
        <LineStyle>
          <color>ffeb6325</color>
          <width>2</width>
        </LineStyle>
      </Style>
    </Placemark>

<Placemark>
        <name>1033</name>
        <description><![CDATA[description: nombre: <br>descripción: <br>ID: 33773.0000000000<br>ENTIDAD: 16<br>DISTRITO_F: 10<br>DISTRITO_L: 11<br>MUNICIPIO: 54<br>TIPO: 2<br>CONTROL: 0.0000000000<br>nombre: <br>descripción: <br>ID: 33773.0000000000<br>ENTIDAD: 16<br>DISTRITO_F: 10<br>DISTRITO_L: 11<br>MUNICIPIO: 54<br>TIPO: 2<br>CONTROL: 0.0000000000]]></description>
        
        <ExtendedData>
          <Data name="description">
            <value>nombre: 
descripción: 
ID: 33773.0000000000
ENTIDAD: 16
DISTRITO_F: 10
DISTRITO_L: 11
MUNICIPIO: 54
TIPO: 2
CONTROL: 0.0000000000</value>
          </Data>
          <Data name="nombre">
            <value/>
          </Data>
          <Data name="descripción">
            <value/>
          </Data>
          <Data name="ID">
            <value>33773.0000000000</value>
          </Data>
          <Data name="ENTIDAD">
            <value>16</value>
          </Data>
          <Data name="DISTRITO_F">
            <value>10</value>
          </Data>
          <Data name="DISTRITO_L">
            <value>11</value>
          </Data>
          <Data name="MUNICIPIO">
            <value>54</value>
          </Data>
          <Data name="TIPO">
            <value>2</value>
          </Data>
          <Data name="CONTROL">
            <value>0.0000000000</value>
          </Data>
        </ExtendedData>
        <Polygon>
          <outerBoundaryIs>
            <LinearRing>
              <tessellate>1</tessellate>
              <coordinates>
                -101.167095,19.711213,0
                -101.167317,19.711233,0
                -101.167407,19.711241,0
                -101.167569,19.711255,0
                -101.16857,19.711342,0
                -101.168977,19.711374,0
                -101.170987,19.711552,0
                -101.170996,19.711441,0
                -101.171701,19.711476,0
                -101.172253,19.711489,0
                -101.172793,19.711487,0
                -101.172834,19.711455,0
                -101.172861,19.71115,0
                -101.17288,19.710928,0
                -101.17297,19.709895,0
                -101.173062,19.708877,0
                -101.172819,19.708854,0
                -101.172169,19.7088,0
                -101.171263,19.708726,0
                -101.170847,19.708692,0
                -101.170308,19.708651,0
                -101.169779,19.708612,0
                -101.169618,19.7086,0
                -101.169451,19.708587,0
                -101.169354,19.70858,0
                -101.169331,19.70859,0
                -101.169287,19.70861,0
                -101.168434,19.708989,0
                -101.167816,19.709265,0
                -101.167616,19.709354,0
                -101.166813,19.709712,0
                -101.166151,19.710006,0
                -101.165785,19.710171,0
                -101.165883,19.710249,0
                -101.166532,19.710769,0
                -101.166873,19.711041,0
                -101.166909,19.711068,0
                -101.167095,19.711213,0
              </coordinates>
            </LinearRing>
          </outerBoundaryIs>
        </Polygon>
      
      <Style>
        <PolyStyle>
          <color>80eb6325</color>
        </PolyStyle>
        <LineStyle>
          <color>ffeb6325</color>
          <width>2</width>
        </LineStyle>
      </Style>
    </Placemark>

<Placemark>
        <name>1034</name>
        <description><![CDATA[description: nombre: <br>descripción: <br>ID: 33774.0000000000<br>ENTIDAD: 16<br>DISTRITO_F: 10<br>DISTRITO_L: 11<br>MUNICIPIO: 54<br>TIPO: 2<br>CONTROL: 0.0000000000<br>nombre: <br>descripción: <br>ID: 33774.0000000000<br>ENTIDAD: 16<br>DISTRITO_F: 10<br>DISTRITO_L: 11<br>MUNICIPIO: 54<br>TIPO: 2<br>CONTROL: 0.0000000000]]></description>
        
        <ExtendedData>
          <Data name="description">
            <value>nombre: 
descripción: 
ID: 33774.0000000000
ENTIDAD: 16
DISTRITO_F: 10
DISTRITO_L: 11
MUNICIPIO: 54
TIPO: 2
CONTROL: 0.0000000000</value>
          </Data>
          <Data name="nombre">
            <value/>
          </Data>
          <Data name="descripción">
            <value/>
          </Data>
          <Data name="ID">
            <value>33774.0000000000</value>
          </Data>
          <Data name="ENTIDAD">
            <value>16</value>
          </Data>
          <Data name="DISTRITO_F">
            <value>10</value>
          </Data>
          <Data name="DISTRITO_L">
            <value>11</value>
          </Data>
          <Data name="MUNICIPIO">
            <value>54</value>
          </Data>
          <Data name="TIPO">
            <value>2</value>
          </Data>
          <Data name="CONTROL">
            <value>0.0000000000</value>
          </Data>
        </ExtendedData>
        <Polygon>
          <outerBoundaryIs>
            <LinearRing>
              <tessellate>1</tessellate>
              <coordinates>
                -101.170308,19.708651,0
                -101.170349,19.708143,0
                -101.170434,19.707622,0
                -101.169593,19.70756,0
                -101.168575,19.707479,0
                -101.167662,19.70744,0
                -101.166787,19.707402,0
                -101.166791,19.7077,0
                -101.166252,19.707693,0
                -101.165728,19.707719,0
                -101.165238,19.707719,0
                -101.164891,19.707732,0
                -101.164734,19.707737,0
                -101.164038,19.707754,0
                -101.163873,19.707758,0
                -101.163762,19.707783,0
                -101.164116,19.708208,0
                -101.164169,19.70828,0
                -101.164226,19.708356,0
                -101.164373,19.708553,0
                -101.164739,19.708995,0
                -101.164907,19.709187,0
                -101.165016,19.709333,0
                -101.165081,19.709405,0
                -101.165732,19.710114,0
                -101.165785,19.710171,0
                -101.166151,19.710006,0
                -101.166813,19.709712,0
                -101.167616,19.709354,0
                -101.167816,19.709265,0
                -101.168434,19.708989,0
                -101.169287,19.70861,0
                -101.169331,19.70859,0
                -101.169354,19.70858,0
                -101.169451,19.708587,0
                -101.169618,19.7086,0
                -101.169779,19.708612,0
                -101.170308,19.708651,0
              </coordinates>
            </LinearRing>
          </outerBoundaryIs>
        </Polygon>
      
      <Style>
        <PolyStyle>
          <color>80eb6325</color>
        </PolyStyle>
        <LineStyle>
          <color>ffeb6325</color>
          <width>2</width>
        </LineStyle>
      </Style>
    </Placemark>

<Placemark>
        <name>1036</name>
        <description><![CDATA[description: nombre: <br>descripción: <br>ID: 33776.0000000000<br>ENTIDAD: 16<br>DISTRITO_F: 10<br>DISTRITO_L: 11<br>MUNICIPIO: 54<br>TIPO: 2<br>CONTROL: 0.0000000000<br>nombre: <br>descripción: <br>ID: 33776.0000000000<br>ENTIDAD: 16<br>DISTRITO_F: 10<br>DISTRITO_L: 11<br>MUNICIPIO: 54<br>TIPO: 2<br>CONTROL: 0.0000000000]]></description>
        
        <ExtendedData>
          <Data name="description">
            <value>nombre: 
descripción: 
ID: 33776.0000000000
ENTIDAD: 16
DISTRITO_F: 10
DISTRITO_L: 11
MUNICIPIO: 54
TIPO: 2
CONTROL: 0.0000000000</value>
          </Data>
          <Data name="nombre">
            <value/>
          </Data>
          <Data name="descripción">
            <value/>
          </Data>
          <Data name="ID">
            <value>33776.0000000000</value>
          </Data>
          <Data name="ENTIDAD">
            <value>16</value>
          </Data>
          <Data name="DISTRITO_F">
            <value>10</value>
          </Data>
          <Data name="DISTRITO_L">
            <value>11</value>
          </Data>
          <Data name="MUNICIPIO">
            <value>54</value>
          </Data>
          <Data name="TIPO">
            <value>2</value>
          </Data>
          <Data name="CONTROL">
            <value>0.0000000000</value>
          </Data>
        </ExtendedData>
        <Polygon>
          <outerBoundaryIs>
            <LinearRing>
              <tessellate>1</tessellate>
              <coordinates>
                -101.142072,19.706666,0
                -101.140859,19.706737,0
                -101.139236,19.706901,0
                -101.139093,19.707919,0
                -101.139355,19.709468,0
                -101.138856,19.709465,0
                -101.138247,19.709443,0
                -101.13811,19.709475,0
                -101.138091,19.709572,0
                -101.13811,19.709704,0
                -101.138233,19.709874,0
                -101.138198,19.710052,0
                -101.134811,19.715797,0
                -101.135552,19.716208,0
                -101.136031,19.715888,0
                -101.136162,19.715937,0
                -101.136223,19.71629,0
                -101.140136,19.71584,0
                -101.141234,19.715628,0
                -101.141943,19.714954,0
                -101.142346,19.71457,0
                -101.142644,19.714287,0
                -101.142928,19.714004,0
                -101.142992,19.713857,0
                -101.14303,19.713827,0
                -101.143248,19.713653,0
                -101.143598,19.713374,0
                -101.1437,19.713335,0
                -101.143882,19.713269,0
                -101.144066,19.713203,0
                -101.145383,19.712731,0
                -101.145468,19.7127,0
                -101.145714,19.712612,0
                -101.146576,19.712302,0
                -101.146993,19.712153,0
                -101.147256,19.712058,0
                -101.147752,19.71188,0
                -101.147905,19.711826,0
                -101.148447,19.711627,0
                -101.149554,19.711222,0
                -101.150542,19.71086,0
                -101.150733,19.710755,0
                -101.150944,19.710639,0
                -101.151873,19.710316,0
                -101.152103,19.710236,0
                -101.152812,19.709989,0
                -101.152951,19.709945,0
                -101.153333,19.709822,0
                -101.153431,19.709788,0
                -101.153602,19.71026,0
                -101.153628,19.71035,0
                -101.153712,19.71064,0
                -101.153827,19.711029,0
                -101.153965,19.711411,0
                -101.154103,19.711793,0
                -101.154187,19.71204,0
                -101.154221,19.712141,0
                -101.154298,19.712049,0
                -101.154347,19.712011,0
                -101.154592,19.711826,0
                -101.154757,19.711702,0
                -101.154958,19.711553,0
                -101.154978,19.711539,0
                -101.155007,19.711517,0
                -101.155343,19.711269,0
                -101.15542,19.711213,0
                -101.155696,19.71099,0
                -101.155762,19.710936,0
                -101.155899,19.710835,0
                -101.156035,19.710733,0
                -101.1562,19.710611,0
                -101.156415,19.710448,0
                -101.156452,19.71042,0
                -101.156691,19.71024,0
                -101.15635,19.709201,0
                -101.156198,19.708738,0
                -101.15646,19.708648,0
                -101.156722,19.708534,0
                -101.156706,19.708453,0
                -101.156584,19.708183,0
                -101.156254,19.707521,0
                -101.156054,19.707106,0
                -101.156008,19.707009,0
                -101.155888,19.706716,0
                -101.155835,19.706587,0
                -101.155808,19.706526,0
                -101.155613,19.706099,0
                -101.15558,19.7061,0
                -101.15505,19.706132,0
                -101.154881,19.706142,0
                -101.154716,19.706152,0
                -101.154652,19.706156,0
                -101.15455,19.706162,0
                -101.154333,19.706177,0
                -101.153907,19.706206,0
                -101.153391,19.706231,0
                -101.153022,19.706244,0
                -101.152897,19.706248,0
                -101.152629,19.706257,0
                -101.152134,19.706274,0
                -101.151475,19.706296,0
                -101.151379,19.706299,0
                -101.151213,19.706303,0
                -101.151002,19.706308,0
                -101.150802,19.706313,0
                -101.150714,19.706316,0
                -101.150668,19.706317,0
                -101.150364,19.706325,0
                -101.150178,19.706329,0
                -101.149951,19.706335,0
                -101.149777,19.706331,0
                -101.149527,19.706324,0
                -101.149421,19.706322,0
                -101.14935,19.70632,0
                -101.149215,19.706316,0
                -101.149136,19.706313,0
                -101.149113,19.706312,0
                -101.148738,19.706297,0
                -101.148686,19.706295,0
                -101.14864,19.706298,0
                -101.148603,19.7063,0
                -101.148407,19.706311,0
                -101.148232,19.706322,0
                -101.148087,19.70633,0
                -101.147574,19.706361,0
                -101.147267,19.706379,0
                -101.147057,19.706391,0
                -101.146522,19.706423,0
                -101.145735,19.706469,0
                -101.145655,19.706526,0
                -101.142072,19.706666,0
              </coordinates>
            </LinearRing>
          </outerBoundaryIs>
        </Polygon>
      
      <Style>
        <PolyStyle>
          <color>80eb6325</color>
        </PolyStyle>
        <LineStyle>
          <color>ffeb6325</color>
          <width>2</width>
        </LineStyle>
      </Style>
    </Placemark>

<Placemark>
        <name>1037</name>
        <description><![CDATA[description: nombre: <br>descripción: <br>ID: 33777.0000000000<br>ENTIDAD: 16<br>DISTRITO_F: 10<br>DISTRITO_L: 11<br>MUNICIPIO: 54<br>TIPO: 2<br>CONTROL: 0.0000000000<br>nombre: <br>descripción: <br>ID: 33777.0000000000<br>ENTIDAD: 16<br>DISTRITO_F: 10<br>DISTRITO_L: 11<br>MUNICIPIO: 54<br>TIPO: 2<br>CONTROL: 0.0000000000]]></description>
        
        <ExtendedData>
          <Data name="description">
            <value>nombre: 
descripción: 
ID: 33777.0000000000
ENTIDAD: 16
DISTRITO_F: 10
DISTRITO_L: 11
MUNICIPIO: 54
TIPO: 2
CONTROL: 0.0000000000</value>
          </Data>
          <Data name="nombre">
            <value/>
          </Data>
          <Data name="descripción">
            <value/>
          </Data>
          <Data name="ID">
            <value>33777.0000000000</value>
          </Data>
          <Data name="ENTIDAD">
            <value>16</value>
          </Data>
          <Data name="DISTRITO_F">
            <value>10</value>
          </Data>
          <Data name="DISTRITO_L">
            <value>11</value>
          </Data>
          <Data name="MUNICIPIO">
            <value>54</value>
          </Data>
          <Data name="TIPO">
            <value>2</value>
          </Data>
          <Data name="CONTROL">
            <value>0.0000000000</value>
          </Data>
        </ExtendedData>
        <Polygon>
          <outerBoundaryIs>
            <LinearRing>
              <tessellate>1</tessellate>
              <coordinates>
                -101.163721,19.707745,0
                -101.163509,19.707457,0
                -101.163264,19.707179,0
                -101.163047,19.70697,0
                -101.162938,19.706858,0
                -101.162732,19.706672,0
                -101.162511,19.706493,0
                -101.162482,19.706457,0
                -101.162414,19.706421,0
                -101.161994,19.706063,0
                -101.161764,19.705876,0
                -101.161648,19.705778,0
                -101.161581,19.705721,0
                -101.161457,19.705728,0
                -101.160473,19.705815,0
                -101.160037,19.705843,0
                -101.159586,19.705869,0
                -101.159162,19.705893,0
                -101.158712,19.705918,0
                -101.158292,19.705941,0
                -101.158231,19.705945,0
                -101.15785,19.705966,0
                -101.157778,19.70597,0
                -101.157323,19.705996,0
                -101.156833,19.706029,0
                -101.156408,19.706055,0
                -101.156016,19.706077,0
                -101.155804,19.706088,0
                -101.155613,19.706099,0
                -101.155808,19.706526,0
                -101.155835,19.706587,0
                -101.155888,19.706716,0
                -101.156008,19.707009,0
                -101.156054,19.707106,0
                -101.156254,19.707521,0
                -101.156584,19.708183,0
                -101.156706,19.708453,0
                -101.156722,19.708534,0
                -101.156825,19.708489,0
                -101.15687,19.708469,0
                -101.157178,19.70835,0
                -101.157635,19.708172,0
                -101.15803,19.709272,0
                -101.15811,19.709214,0
                -101.158131,19.7092,0
                -101.158356,19.709045,0
                -101.158431,19.708994,0
                -101.158767,19.708795,0
                -101.158784,19.708853,0
                -101.158904,19.709255,0
                -101.158959,19.709441,0
                -101.15948,19.709235,0
                -101.159836,19.709094,0
                -101.159885,19.709075,0
                -101.160095,19.708991,0
                -101.160281,19.708918,0
                -101.160689,19.708756,0
                -101.160848,19.708693,0
                -101.161085,19.708605,0
                -101.161215,19.708556,0
                -101.161493,19.708476,0
                -101.161669,19.708425,0
                -101.161921,19.708355,0
                -101.16219,19.70828,0
                -101.162332,19.708235,0
                -101.162362,19.708226,0
                -101.162648,19.708138,0
                -101.162681,19.708127,0
                -101.162802,19.708087,0
                -101.163208,19.707949,0
                -101.163238,19.707939,0
                -101.163652,19.707788,0
                -101.163721,19.707745,0
              </coordinates>
            </LinearRing>
          </outerBoundaryIs>
        </Polygon>
      
      <Style>
        <PolyStyle>
          <color>80eb6325</color>
        </PolyStyle>
        <LineStyle>
          <color>ffeb6325</color>
          <width>2</width>
        </LineStyle>
      </Style>
    </Placemark>

<Placemark>
        <name>1038</name>
        <description><![CDATA[description: nombre: <br>descripción: <br>ID: 33778.0000000000<br>ENTIDAD: 16<br>DISTRITO_F: 10<br>DISTRITO_L: 11<br>MUNICIPIO: 54<br>TIPO: 2<br>CONTROL: 0.0000000000<br>nombre: <br>descripción: <br>ID: 33778.0000000000<br>ENTIDAD: 16<br>DISTRITO_F: 10<br>DISTRITO_L: 11<br>MUNICIPIO: 54<br>TIPO: 2<br>CONTROL: 0.0000000000]]></description>
        
        <ExtendedData>
          <Data name="description">
            <value>nombre: 
descripción: 
ID: 33778.0000000000
ENTIDAD: 16
DISTRITO_F: 10
DISTRITO_L: 11
MUNICIPIO: 54
TIPO: 2
CONTROL: 0.0000000000</value>
          </Data>
          <Data name="nombre">
            <value/>
          </Data>
          <Data name="descripción">
            <value/>
          </Data>
          <Data name="ID">
            <value>33778.0000000000</value>
          </Data>
          <Data name="ENTIDAD">
            <value>16</value>
          </Data>
          <Data name="DISTRITO_F">
            <value>10</value>
          </Data>
          <Data name="DISTRITO_L">
            <value>11</value>
          </Data>
          <Data name="MUNICIPIO">
            <value>54</value>
          </Data>
          <Data name="TIPO">
            <value>2</value>
          </Data>
          <Data name="CONTROL">
            <value>0.0000000000</value>
          </Data>
        </ExtendedData>
        <Polygon>
          <outerBoundaryIs>
            <LinearRing>
              <tessellate>1</tessellate>
              <coordinates>
                -101.166469,19.705025,0
                -101.165872,19.705116,0
                -101.165311,19.705219,0
                -101.165272,19.705227,0
                -101.164956,19.705288,0
                -101.164388,19.705404,0
                -101.164225,19.70544,0
                -101.163873,19.70549,0
                -101.163654,19.70552,0
                -101.163326,19.705565,0
                -101.162844,19.705625,0
                -101.162705,19.705642,0
                -101.162408,19.705679,0
                -101.162003,19.705732,0
                -101.16174,19.705766,0
                -101.161648,19.705778,0
                -101.161764,19.705876,0
                -101.161994,19.706063,0
                -101.162414,19.706421,0
                -101.162482,19.706457,0
                -101.162511,19.706493,0
                -101.162732,19.706672,0
                -101.162938,19.706858,0
                -101.163047,19.70697,0
                -101.163264,19.707179,0
                -101.163509,19.707457,0
                -101.163721,19.707745,0
                -101.163762,19.707783,0
                -101.163873,19.707758,0
                -101.164038,19.707754,0
                -101.164734,19.707737,0
                -101.164891,19.707732,0
                -101.165238,19.707719,0
                -101.165728,19.707719,0
                -101.166252,19.707693,0
                -101.166791,19.7077,0
                -101.166787,19.707402,0
                -101.167662,19.70744,0
                -101.167693,19.706483,0
                -101.166752,19.706429,0
                -101.166737,19.706302,0
                -101.166733,19.705474,0
                -101.16637,19.705531,0
                -101.166469,19.705025,0
              </coordinates>
            </LinearRing>
          </outerBoundaryIs>
        </Polygon>
      
      <Style>
        <PolyStyle>
          <color>80eb6325</color>
        </PolyStyle>
        <LineStyle>
          <color>ffeb6325</color>
          <width>2</width>
        </LineStyle>
      </Style>
    </Placemark>

<Placemark>
        <name>1039</name>
        <description><![CDATA[description: nombre: <br>descripción: <br>ID: 33779.0000000000<br>ENTIDAD: 16<br>DISTRITO_F: 10<br>DISTRITO_L: 11<br>MUNICIPIO: 54<br>TIPO: 2<br>CONTROL: 0.0000000000<br>nombre: <br>descripción: <br>ID: 33779.0000000000<br>ENTIDAD: 16<br>DISTRITO_F: 10<br>DISTRITO_L: 11<br>MUNICIPIO: 54<br>TIPO: 2<br>CONTROL: 0.0000000000]]></description>
        
        <ExtendedData>
          <Data name="description">
            <value>nombre: 
descripción: 
ID: 33779.0000000000
ENTIDAD: 16
DISTRITO_F: 10
DISTRITO_L: 11
MUNICIPIO: 54
TIPO: 2
CONTROL: 0.0000000000</value>
          </Data>
          <Data name="nombre">
            <value/>
          </Data>
          <Data name="descripción">
            <value/>
          </Data>
          <Data name="ID">
            <value>33779.0000000000</value>
          </Data>
          <Data name="ENTIDAD">
            <value>16</value>
          </Data>
          <Data name="DISTRITO_F">
            <value>10</value>
          </Data>
          <Data name="DISTRITO_L">
            <value>11</value>
          </Data>
          <Data name="MUNICIPIO">
            <value>54</value>
          </Data>
          <Data name="TIPO">
            <value>2</value>
          </Data>
          <Data name="CONTROL">
            <value>0.0000000000</value>
          </Data>
        </ExtendedData>
        <Polygon>
          <outerBoundaryIs>
            <LinearRing>
              <tessellate>1</tessellate>
              <coordinates>
                -101.170434,19.707622,0
                -101.170528,19.706663,0
                -101.17062,19.705685,0
                -101.170681,19.704965,0
                -101.169875,19.704977,0
                -101.16879,19.704984,0
                -101.1683,19.704982,0
                -101.167959,19.704975,0
                -101.167699,19.704972,0
                -101.167533,19.704968,0
                -101.16719,19.704966,0
                -101.16678,19.704963,0
                -101.166624,19.704994,0
                -101.166469,19.705025,0
                -101.16637,19.705531,0
                -101.166733,19.705474,0
                -101.166737,19.706302,0
                -101.166752,19.706429,0
                -101.167693,19.706483,0
                -101.167662,19.70744,0
                -101.168575,19.707479,0
                -101.169593,19.70756,0
                -101.170434,19.707622,0
              </coordinates>
            </LinearRing>
          </outerBoundaryIs>
        </Polygon>
      
      <Style>
        <PolyStyle>
          <color>80eb6325</color>
        </PolyStyle>
        <LineStyle>
          <color>ffeb6325</color>
          <width>2</width>
        </LineStyle>
      </Style>
    </Placemark>

<Placemark>
        <name>1040</name>
        <description><![CDATA[description: nombre: <br>descripción: <br>ID: 33780.0000000000<br>ENTIDAD: 16<br>DISTRITO_F: 10<br>DISTRITO_L: 11<br>MUNICIPIO: 54<br>TIPO: 2<br>CONTROL: 0.0000000000<br>nombre: <br>descripción: <br>ID: 33780.0000000000<br>ENTIDAD: 16<br>DISTRITO_F: 10<br>DISTRITO_L: 11<br>MUNICIPIO: 54<br>TIPO: 2<br>CONTROL: 0.0000000000]]></description>
        
        <ExtendedData>
          <Data name="description">
            <value>nombre: 
descripción: 
ID: 33780.0000000000
ENTIDAD: 16
DISTRITO_F: 10
DISTRITO_L: 11
MUNICIPIO: 54
TIPO: 2
CONTROL: 0.0000000000</value>
          </Data>
          <Data name="nombre">
            <value/>
          </Data>
          <Data name="descripción">
            <value/>
          </Data>
          <Data name="ID">
            <value>33780.0000000000</value>
          </Data>
          <Data name="ENTIDAD">
            <value>16</value>
          </Data>
          <Data name="DISTRITO_F">
            <value>10</value>
          </Data>
          <Data name="DISTRITO_L">
            <value>11</value>
          </Data>
          <Data name="MUNICIPIO">
            <value>54</value>
          </Data>
          <Data name="TIPO">
            <value>2</value>
          </Data>
          <Data name="CONTROL">
            <value>0.0000000000</value>
          </Data>
        </ExtendedData>
        <Polygon>
          <outerBoundaryIs>
            <LinearRing>
              <tessellate>1</tessellate>
              <coordinates>
                -101.173062,19.708877,0
                -101.173152,19.707849,0
                -101.173227,19.706855,0
                -101.173262,19.706706,0
                -101.173347,19.705876,0
                -101.173417,19.70494,0
                -101.172514,19.704947,0
                -101.171607,19.704954,0
                -101.171142,19.70496,0
                -101.170681,19.704965,0
                -101.17062,19.705685,0
                -101.170528,19.706663,0
                -101.170434,19.707622,0
                -101.170349,19.708143,0
                -101.170308,19.708651,0
                -101.170847,19.708692,0
                -101.171263,19.708726,0
                -101.172169,19.7088,0
                -101.172819,19.708854,0
                -101.173062,19.708877,0
              </coordinates>
            </LinearRing>
          </outerBoundaryIs>
        </Polygon>
      
      <Style>
        <PolyStyle>
          <color>80eb6325</color>
        </PolyStyle>
        <LineStyle>
          <color>ffeb6325</color>
          <width>2</width>
        </LineStyle>
      </Style>
    </Placemark>

<Placemark>
        <name>1098</name>
        <description><![CDATA[description: nombre: <br>descripción: <br>ID: 33838.0000000000<br>ENTIDAD: 16<br>DISTRITO_F: 10<br>DISTRITO_L: 11<br>MUNICIPIO: 54<br>TIPO: 2<br>CONTROL: 0.0000000000<br>nombre: <br>descripción: <br>ID: 33838.0000000000<br>ENTIDAD: 16<br>DISTRITO_F: 10<br>DISTRITO_L: 11<br>MUNICIPIO: 54<br>TIPO: 2<br>CONTROL: 0.0000000000]]></description>
        
        <ExtendedData>
          <Data name="description">
            <value>nombre: 
descripción: 
ID: 33838.0000000000
ENTIDAD: 16
DISTRITO_F: 10
DISTRITO_L: 11
MUNICIPIO: 54
TIPO: 2
CONTROL: 0.0000000000</value>
          </Data>
          <Data name="nombre">
            <value/>
          </Data>
          <Data name="descripción">
            <value/>
          </Data>
          <Data name="ID">
            <value>33838.0000000000</value>
          </Data>
          <Data name="ENTIDAD">
            <value>16</value>
          </Data>
          <Data name="DISTRITO_F">
            <value>10</value>
          </Data>
          <Data name="DISTRITO_L">
            <value>11</value>
          </Data>
          <Data name="MUNICIPIO">
            <value>54</value>
          </Data>
          <Data name="TIPO">
            <value>2</value>
          </Data>
          <Data name="CONTROL">
            <value>0.0000000000</value>
          </Data>
        </ExtendedData>
        <Polygon>
          <outerBoundaryIs>
            <LinearRing>
              <tessellate>1</tessellate>
              <coordinates>
                -101.155023,19.70396,0
                -101.154891,19.703654,0
                -101.154746,19.703333,0
                -101.154608,19.702998,0
                -101.154517,19.702804,0
                -101.155114,19.702698,0
                -101.15501,19.702196,0
                -101.154302,19.70231,0
                -101.153806,19.702342,0
                -101.153637,19.702353,0
                -101.153415,19.702367,0
                -101.15323,19.702432,0
                -101.153052,19.702504,0
                -101.152779,19.702612,0
                -101.152759,19.70262,0
                -101.152464,19.702722,0
                -101.152362,19.702747,0
                -101.152133,19.702801,0
                -101.152293,19.703201,0
                -101.152079,19.703232,0
                -101.151855,19.703291,0
                -101.151747,19.70332,0
                -101.151581,19.70338,0
                -101.151408,19.703443,0
                -101.151315,19.703476,0
                -101.151442,19.703807,0
                -101.151569,19.704092,0
                -101.151598,19.704157,0
                -101.151212,19.704294,0
                -101.151372,19.704692,0
                -101.151576,19.705055,0
                -101.15181,19.705558,0
                -101.151986,19.705914,0
                -101.152031,19.706024,0
                -101.15206,19.706093,0
                -101.152134,19.706274,0
                -101.152629,19.706257,0
                -101.152897,19.706248,0
                -101.153022,19.706244,0
                -101.152809,19.705688,0
                -101.152758,19.70557,0
                -101.152656,19.705334,0
                -101.152591,19.705182,0
                -101.152437,19.704823,0
                -101.152477,19.704812,0
                -101.152906,19.704738,0
                -101.152958,19.704729,0
                -101.153172,19.704684,0
                -101.153299,19.704637,0
                -101.153357,19.704616,0
                -101.153466,19.704576,0
                -101.153611,19.704518,0
                -101.154133,19.704312,0
                -101.154249,19.704266,0
                -101.154877,19.704018,0
                -101.155023,19.70396,0
              </coordinates>
            </LinearRing>
          </outerBoundaryIs>
        </Polygon>
      
      <Style>
        <PolyStyle>
          <color>80eb6325</color>
        </PolyStyle>
        <LineStyle>
          <color>ffeb6325</color>
          <width>2</width>
        </LineStyle>
      </Style>
    </Placemark>

<Placemark>
        <name>1099</name>
        <description><![CDATA[description: nombre: <br>descripción: <br>ID: 33839.0000000000<br>ENTIDAD: 16<br>DISTRITO_F: 10<br>DISTRITO_L: 11<br>MUNICIPIO: 54<br>TIPO: 2<br>CONTROL: 0.0000000000<br>nombre: <br>descripción: <br>ID: 33839.0000000000<br>ENTIDAD: 16<br>DISTRITO_F: 10<br>DISTRITO_L: 11<br>MUNICIPIO: 54<br>TIPO: 2<br>CONTROL: 0.0000000000]]></description>
        
        <ExtendedData>
          <Data name="description">
            <value>nombre: 
descripción: 
ID: 33839.0000000000
ENTIDAD: 16
DISTRITO_F: 10
DISTRITO_L: 11
MUNICIPIO: 54
TIPO: 2
CONTROL: 0.0000000000</value>
          </Data>
          <Data name="nombre">
            <value/>
          </Data>
          <Data name="descripción">
            <value/>
          </Data>
          <Data name="ID">
            <value>33839.0000000000</value>
          </Data>
          <Data name="ENTIDAD">
            <value>16</value>
          </Data>
          <Data name="DISTRITO_F">
            <value>10</value>
          </Data>
          <Data name="DISTRITO_L">
            <value>11</value>
          </Data>
          <Data name="MUNICIPIO">
            <value>54</value>
          </Data>
          <Data name="TIPO">
            <value>2</value>
          </Data>
          <Data name="CONTROL">
            <value>0.0000000000</value>
          </Data>
        </ExtendedData>
        <Polygon>
          <outerBoundaryIs>
            <LinearRing>
              <tessellate>1</tessellate>
              <coordinates>
                -101.151598,19.704157,0
                -101.151569,19.704092,0
                -101.151442,19.703807,0
                -101.151315,19.703476,0
                -101.151408,19.703443,0
                -101.151581,19.70338,0
                -101.151408,19.702952,0
                -101.151067,19.703048,0
                -101.150914,19.703091,0
                -101.150733,19.703115,0
                -101.150374,19.703161,0
                -101.150284,19.703176,0
                -101.149836,19.70325,0
                -101.149384,19.703327,0
                -101.149128,19.703372,0
                -101.148726,19.703443,0
                -101.148321,19.703515,0
                -101.148662,19.704317,0
                -101.148282,19.704389,0
                -101.147588,19.704512,0
                -101.147293,19.704566,0
                -101.146739,19.704672,0
                -101.145407,19.704926,0
                -101.141881,19.7056,0
                -101.142072,19.706666,0
                -101.145655,19.706526,0
                -101.145735,19.706469,0
                -101.146522,19.706423,0
                -101.147057,19.706391,0
                -101.147267,19.706379,0
                -101.147574,19.706361,0
                -101.148087,19.70633,0
                -101.148232,19.706322,0
                -101.148407,19.706311,0
                -101.148603,19.7063,0
                -101.14864,19.706298,0
                -101.148686,19.706295,0
                -101.148738,19.706297,0
                -101.149113,19.706312,0
                -101.149136,19.706313,0
                -101.149215,19.706316,0
                -101.14935,19.70632,0
                -101.149421,19.706322,0
                -101.149527,19.706324,0
                -101.149777,19.706331,0
                -101.149951,19.706335,0
                -101.150178,19.706329,0
                -101.150364,19.706325,0
                -101.150668,19.706317,0
                -101.150714,19.706316,0
                -101.150802,19.706313,0
                -101.151002,19.706308,0
                -101.151213,19.706303,0
                -101.151379,19.706299,0
                -101.151475,19.706296,0
                -101.152134,19.706274,0
                -101.15206,19.706093,0
                -101.152031,19.706024,0
                -101.151986,19.705914,0
                -101.15181,19.705558,0
                -101.151576,19.705055,0
                -101.151372,19.704692,0
                -101.151212,19.704294,0
                -101.151598,19.704157,0
              </coordinates>
            </LinearRing>
          </outerBoundaryIs>
        </Polygon>
      
      <Style>
        <PolyStyle>
          <color>80eb6325</color>
        </PolyStyle>
        <LineStyle>
          <color>ffeb6325</color>
          <width>2</width>
        </LineStyle>
      </Style>
    </Placemark>

<Placemark>
        <name>1100</name>
        <description><![CDATA[description: nombre: <br>descripción: <br>ID: 33840.0000000000<br>ENTIDAD: 16<br>DISTRITO_F: 10<br>DISTRITO_L: 11<br>MUNICIPIO: 54<br>TIPO: 2<br>CONTROL: 0.0000000000<br>nombre: <br>descripción: <br>ID: 33840.0000000000<br>ENTIDAD: 16<br>DISTRITO_F: 10<br>DISTRITO_L: 11<br>MUNICIPIO: 54<br>TIPO: 2<br>CONTROL: 0.0000000000]]></description>
        
        <ExtendedData>
          <Data name="description">
            <value>nombre: 
descripción: 
ID: 33840.0000000000
ENTIDAD: 16
DISTRITO_F: 10
DISTRITO_L: 11
MUNICIPIO: 54
TIPO: 2
CONTROL: 0.0000000000</value>
          </Data>
          <Data name="nombre">
            <value/>
          </Data>
          <Data name="descripción">
            <value/>
          </Data>
          <Data name="ID">
            <value>33840.0000000000</value>
          </Data>
          <Data name="ENTIDAD">
            <value>16</value>
          </Data>
          <Data name="DISTRITO_F">
            <value>10</value>
          </Data>
          <Data name="DISTRITO_L">
            <value>11</value>
          </Data>
          <Data name="MUNICIPIO">
            <value>54</value>
          </Data>
          <Data name="TIPO">
            <value>2</value>
          </Data>
          <Data name="CONTROL">
            <value>0.0000000000</value>
          </Data>
        </ExtendedData>
        <Polygon>
          <outerBoundaryIs>
            <LinearRing>
              <tessellate>1</tessellate>
              <coordinates>
                -101.156204,19.70148,0
                -101.155702,19.701079,0
                -101.155616,19.701017,0
                -101.155543,19.700955,0
                -101.154956,19.700497,0
                -101.154879,19.700509,0
                -101.15374,19.700739,0
                -101.153129,19.700863,0
                -101.152706,19.700948,0
                -101.152028,19.701085,0
                -101.15144,19.701204,0
                -101.150926,19.701308,0
                -101.150977,19.700706,0
                -101.150818,19.700735,0
                -101.15066,19.700604,0
                -101.150627,19.700588,0
                -101.150591,19.700594,0
                -101.15053,19.700603,0
                -101.150489,19.700609,0
                -101.15019,19.700645,0
                -101.15003,19.700668,0
                -101.149974,19.700676,0
                -101.149667,19.700716,0
                -101.149377,19.700751,0
                -101.14922,19.700766,0
                -101.149244,19.701104,0
                -101.149156,19.701415,0
                -101.149102,19.701742,0
                -101.149087,19.702267,0
                -101.14904,19.702276,0
                -101.148738,19.702334,0
                -101.148671,19.702343,0
                -101.148607,19.702352,0
                -101.148225,19.70241,0
                -101.147866,19.702472,0
                -101.147809,19.702483,0
                -101.147416,19.702556,0
                -101.146825,19.702663,0
                -101.146512,19.702719,0
                -101.146238,19.702767,0
                -101.145608,19.702879,0
                -101.145013,19.702988,0
                -101.144776,19.703031,0
                -101.144268,19.703125,0
                -101.143775,19.703216,0
                -101.142348,19.703479,0
                -101.141598,19.704099,0
                -101.141881,19.7056,0
                -101.145407,19.704926,0
                -101.146739,19.704672,0
                -101.147293,19.704566,0
                -101.147588,19.704512,0
                -101.148282,19.704389,0
                -101.148662,19.704317,0
                -101.148321,19.703515,0
                -101.148726,19.703443,0
                -101.149128,19.703372,0
                -101.149384,19.703327,0
                -101.149836,19.70325,0
                -101.150284,19.703176,0
                -101.150374,19.703161,0
                -101.150733,19.703115,0
                -101.150914,19.703091,0
                -101.151067,19.703048,0
                -101.151408,19.702952,0
                -101.151581,19.70338,0
                -101.151747,19.70332,0
                -101.151855,19.703291,0
                -101.152079,19.703232,0
                -101.152293,19.703201,0
                -101.152133,19.702801,0
                -101.152362,19.702747,0
                -101.152464,19.702722,0
                -101.152759,19.70262,0
                -101.152779,19.702612,0
                -101.153052,19.702504,0
                -101.15323,19.702432,0
                -101.153415,19.702367,0
                -101.153637,19.702353,0
                -101.153806,19.702342,0
                -101.154302,19.70231,0
                -101.15501,19.702196,0
                -101.155114,19.702698,0
                -101.156172,19.702506,0
                -101.156042,19.702018,0
                -101.155949,19.701514,0
                -101.156111,19.701483,0
                -101.156204,19.70148,0
              </coordinates>
            </LinearRing>
          </outerBoundaryIs>
        </Polygon>
      
      <Style>
        <PolyStyle>
          <color>80eb6325</color>
        </PolyStyle>
        <LineStyle>
          <color>ffeb6325</color>
          <width>2</width>
        </LineStyle>
      </Style>
    </Placemark>

<Placemark>
        <name>1101</name>
        <description><![CDATA[description: nombre: <br>descripción: <br>ID: 33841.0000000000<br>ENTIDAD: 16<br>DISTRITO_F: 10<br>DISTRITO_L: 11<br>MUNICIPIO: 54<br>TIPO: 2<br>CONTROL: 0.0000000000<br>nombre: <br>descripción: <br>ID: 33841.0000000000<br>ENTIDAD: 16<br>DISTRITO_F: 10<br>DISTRITO_L: 11<br>MUNICIPIO: 54<br>TIPO: 2<br>CONTROL: 0.0000000000]]></description>
        
        <ExtendedData>
          <Data name="description">
            <value>nombre: 
descripción: 
ID: 33841.0000000000
ENTIDAD: 16
DISTRITO_F: 10
DISTRITO_L: 11
MUNICIPIO: 54
TIPO: 2
CONTROL: 0.0000000000</value>
          </Data>
          <Data name="nombre">
            <value/>
          </Data>
          <Data name="descripción">
            <value/>
          </Data>
          <Data name="ID">
            <value>33841.0000000000</value>
          </Data>
          <Data name="ENTIDAD">
            <value>16</value>
          </Data>
          <Data name="DISTRITO_F">
            <value>10</value>
          </Data>
          <Data name="DISTRITO_L">
            <value>11</value>
          </Data>
          <Data name="MUNICIPIO">
            <value>54</value>
          </Data>
          <Data name="TIPO">
            <value>2</value>
          </Data>
          <Data name="CONTROL">
            <value>0.0000000000</value>
          </Data>
        </ExtendedData>
        <Polygon>
          <outerBoundaryIs>
            <LinearRing>
              <tessellate>1</tessellate>
              <coordinates>
                -101.151442,19.697334,0
                -101.151124,19.697369,0
                -101.151005,19.697391,0
                -101.151297,19.697596,0
                -101.151289,19.697706,0
                -101.15124,19.698587,0
                -101.151222,19.698901,0
                -101.15062,19.698994,0
                -101.149755,19.699126,0
                -101.149553,19.699041,0
                -101.149617,19.698817,0
                -101.149173,19.698678,0
                -101.149213,19.69856,0
                -101.148791,19.698423,0
                -101.148384,19.698291,0
                -101.148353,19.698506,0
                -101.148309,19.69861,0
                -101.148288,19.698658,0
                -101.148074,19.698995,0
                -101.147943,19.699219,0
                -101.147962,19.699362,0
                -101.148166,19.700202,0
                -101.148249,19.700597,0
                -101.148265,19.700671,0
                -101.1485,19.701924,0
                -101.148607,19.702352,0
                -101.148671,19.702343,0
                -101.148738,19.702334,0
                -101.14904,19.702276,0
                -101.149087,19.702267,0
                -101.149102,19.701742,0
                -101.149156,19.701415,0
                -101.149244,19.701104,0
                -101.14922,19.700766,0
                -101.149377,19.700751,0
                -101.149667,19.700716,0
                -101.149974,19.700676,0
                -101.15003,19.700668,0
                -101.15019,19.700645,0
                -101.150489,19.700609,0
                -101.15053,19.700603,0
                -101.150591,19.700594,0
                -101.150627,19.700588,0
                -101.15066,19.700604,0
                -101.150818,19.700735,0
                -101.150977,19.700706,0
                -101.150926,19.701308,0
                -101.15144,19.701204,0
                -101.152028,19.701085,0
                -101.152706,19.700948,0
                -101.153129,19.700863,0
                -101.15374,19.700739,0
                -101.154879,19.700509,0
                -101.154956,19.700497,0
                -101.155543,19.700955,0
                -101.155551,19.700894,0
                -101.15563,19.700028,0
                -101.155665,19.699649,0
                -101.155687,19.699407,0
                -101.155708,19.699181,0
                -101.155732,19.699007,0
                -101.155807,19.698455,0
                -101.155816,19.69839,0
                -101.155917,19.697434,0
                -101.155476,19.697395,0
                -101.154782,19.697339,0
                -101.1541,19.697286,0
                -101.153999,19.697271,0
                -101.153921,19.69727,0
                -101.152313,19.697239,0
                -101.151442,19.697334,0
              </coordinates>
            </LinearRing>
          </outerBoundaryIs>
        </Polygon>
      
      <Style>
        <PolyStyle>
          <color>80eb6325</color>
        </PolyStyle>
        <LineStyle>
          <color>ffeb6325</color>
          <width>2</width>
        </LineStyle>
      </Style>
    </Placemark>

<Placemark>
        <name>1104</name>
        <description><![CDATA[description: nombre: <br>descripción: <br>ID: 33844.0000000000<br>ENTIDAD: 16<br>DISTRITO_F: 10<br>DISTRITO_L: 11<br>MUNICIPIO: 54<br>TIPO: 2<br>CONTROL: 0.0000000000<br>nombre: <br>descripción: <br>ID: 33844.0000000000<br>ENTIDAD: 16<br>DISTRITO_F: 10<br>DISTRITO_L: 11<br>MUNICIPIO: 54<br>TIPO: 2<br>CONTROL: 0.0000000000]]></description>
        
        <ExtendedData>
          <Data name="description">
            <value>nombre: 
descripción: 
ID: 33844.0000000000
ENTIDAD: 16
DISTRITO_F: 10
DISTRITO_L: 11
MUNICIPIO: 54
TIPO: 2
CONTROL: 0.0000000000</value>
          </Data>
          <Data name="nombre">
            <value/>
          </Data>
          <Data name="descripción">
            <value/>
          </Data>
          <Data name="ID">
            <value>33844.0000000000</value>
          </Data>
          <Data name="ENTIDAD">
            <value>16</value>
          </Data>
          <Data name="DISTRITO_F">
            <value>10</value>
          </Data>
          <Data name="DISTRITO_L">
            <value>11</value>
          </Data>
          <Data name="MUNICIPIO">
            <value>54</value>
          </Data>
          <Data name="TIPO">
            <value>2</value>
          </Data>
          <Data name="CONTROL">
            <value>0.0000000000</value>
          </Data>
        </ExtendedData>
        <Polygon>
          <outerBoundaryIs>
            <LinearRing>
              <tessellate>1</tessellate>
              <coordinates>
                -101.147529,19.699266,0
                -101.147546,19.699167,0
                -101.147574,19.699149,0
                -101.147641,19.699166,0
                -101.147688,19.69915,0
                -101.147798,19.698995,0
                -101.148118,19.698467,0
                -101.148129,19.698409,0
                -101.148184,19.698137,0
                -101.148244,19.697951,0
                -101.148251,19.697929,0
                -101.14836,19.697757,0
                -101.148444,19.697624,0
                -101.148466,19.697589,0
                -101.148649,19.697405,0
                -101.148702,19.697363,0
                -101.148803,19.697283,0
                -101.148865,19.697234,0
                -101.14924,19.697035,0
                -101.1493,19.697002,0
                -101.149648,19.696816,0
                -101.1498,19.696696,0
                -101.149909,19.69661,0
                -101.149711,19.696431,0
                -101.149564,19.696295,0
                -101.149386,19.696338,0
                -101.149136,19.696403,0
                -101.148751,19.696476,0
                -101.14866,19.696492,0
                -101.148546,19.696514,0
                -101.147197,19.696768,0
                -101.147317,19.697581,0
                -101.146898,19.697798,0
                -101.146692,19.697902,0
                -101.14608,19.698213,0
                -101.146006,19.698251,0
                -101.14561,19.698452,0
                -101.144896,19.698815,0
                -101.144532,19.698999,0
                -101.144424,19.699044,0
                -101.144207,19.699278,0
                -101.144194,19.699293,0
                -101.143936,19.699571,0
                -101.143679,19.699849,0
                -101.143437,19.70011,0
                -101.143192,19.700374,0
                -101.142938,19.700648,0
                -101.142751,19.700851,0
                -101.142786,19.701467,0
                -101.142794,19.701488,0
                -101.143582,19.70116,0
                -101.143897,19.701041,0
                -101.143967,19.701025,0
                -101.144139,19.701093,0
                -101.144268,19.701129,0
                -101.144291,19.70115,0
                -101.144436,19.70116,0
                -101.144509,19.701157,0
                -101.144581,19.701155,0
                -101.144756,19.70116,0
                -101.144829,19.701131,0
                -101.144968,19.701074,0
                -101.145202,19.70098,0
                -101.145577,19.700831,0
                -101.145688,19.700759,0
                -101.145772,19.70071,0
                -101.145791,19.700699,0
                -101.145827,19.700677,0
                -101.145851,19.700663,0
                -101.145981,19.700608,0
                -101.146061,19.700575,0
                -101.146164,19.700491,0
                -101.146269,19.700427,0
                -101.146417,19.700337,0
                -101.14657,19.700242,0
                -101.14684,19.700106,0
                -101.146906,19.700065,0
                -101.147079,19.699957,0
                -101.147133,19.699927,0
                -101.147212,19.699808,0
                -101.147228,19.699784,0
                -101.147408,19.699485,0
                -101.147518,19.699285,0
                -101.147529,19.699266,0
              </coordinates>
            </LinearRing>
          </outerBoundaryIs>
        </Polygon>
      
      <Style>
        <PolyStyle>
          <color>80eb6325</color>
        </PolyStyle>
        <LineStyle>
          <color>ffeb6325</color>
          <width>2</width>
        </LineStyle>
      </Style>
    </Placemark>

<Placemark>
        <name>1105</name>
        <description><![CDATA[description: nombre: <br>descripción: <br>ID: 33845.0000000000<br>ENTIDAD: 16<br>DISTRITO_F: 10<br>DISTRITO_L: 11<br>MUNICIPIO: 54<br>TIPO: 2<br>CONTROL: 0.0000000000<br>nombre: <br>descripción: <br>ID: 33845.0000000000<br>ENTIDAD: 16<br>DISTRITO_F: 10<br>DISTRITO_L: 11<br>MUNICIPIO: 54<br>TIPO: 2<br>CONTROL: 0.0000000000]]></description>
        
        <ExtendedData>
          <Data name="description">
            <value>nombre: 
descripción: 
ID: 33845.0000000000
ENTIDAD: 16
DISTRITO_F: 10
DISTRITO_L: 11
MUNICIPIO: 54
TIPO: 2
CONTROL: 0.0000000000</value>
          </Data>
          <Data name="nombre">
            <value/>
          </Data>
          <Data name="descripción">
            <value/>
          </Data>
          <Data name="ID">
            <value>33845.0000000000</value>
          </Data>
          <Data name="ENTIDAD">
            <value>16</value>
          </Data>
          <Data name="DISTRITO_F">
            <value>10</value>
          </Data>
          <Data name="DISTRITO_L">
            <value>11</value>
          </Data>
          <Data name="MUNICIPIO">
            <value>54</value>
          </Data>
          <Data name="TIPO">
            <value>2</value>
          </Data>
          <Data name="CONTROL">
            <value>0.0000000000</value>
          </Data>
        </ExtendedData>
        <Polygon>
          <outerBoundaryIs>
            <LinearRing>
              <tessellate>1</tessellate>
              <coordinates>
                -101.146692,19.697902,0
                -101.146898,19.697798,0
                -101.147317,19.697581,0
                -101.147197,19.696768,0
                -101.148546,19.696514,0
                -101.14866,19.696492,0
                -101.148751,19.696476,0
                -101.149136,19.696403,0
                -101.149386,19.696338,0
                -101.149564,19.696295,0
                -101.149433,19.696119,0
                -101.149353,19.69596,0
                -101.1493,19.695749,0
                -101.149299,19.695326,0
                -101.14932,19.694842,0
                -101.149324,19.694768,0
                -101.149329,19.694688,0
                -101.148637,19.694631,0
                -101.147811,19.694408,0
                -101.147274,19.694282,0
                -101.147032,19.694133,0
                -101.146032,19.693444,0
                -101.14548,19.693014,0
                -101.14531,19.692881,0
                -101.144767,19.692606,0
                -101.144503,19.692472,0
                -101.143907,19.692196,0
                -101.143188,19.691998,0
                -101.142529,19.692014,0
                -101.14192,19.692041,0
                -101.141512,19.692068,0
                -101.14018,19.692239,0
                -101.139054,19.692263,0
                -101.139796,19.694,0
                -101.14024,19.694713,0
                -101.140544,19.694424,0
                -101.140637,19.694498,0
                -101.140906,19.694715,0
                -101.141239,19.694982,0
                -101.141538,19.695223,0
                -101.141842,19.695455,0
                -101.142168,19.695702,0
                -101.142271,19.695676,0
                -101.142567,19.695635,0
                -101.142744,19.695638,0
                -101.143843,19.695478,0
                -101.143653,19.695642,0
                -101.143452,19.696214,0
                -101.143428,19.696252,0
                -101.143175,19.696488,0
                -101.142953,19.69664,0
                -101.142689,19.696822,0
                -101.14264,19.696855,0
                -101.142657,19.69688,0
                -101.142716,19.696963,0
                -101.143307,19.6978,0
                -101.143359,19.697873,0
                -101.143482,19.698038,0
                -101.14362,19.698221,0
                -101.144326,19.698128,0
                -101.144499,19.698094,0
                -101.14505,19.697986,0
                -101.145553,19.697897,0
                -101.146447,19.697711,0
                -101.146692,19.697902,0
              </coordinates>
            </LinearRing>
          </outerBoundaryIs>
        </Polygon>
      
      <Style>
        <PolyStyle>
          <color>80eb6325</color>
        </PolyStyle>
        <LineStyle>
          <color>ffeb6325</color>
          <width>2</width>
        </LineStyle>
      </Style>
    </Placemark>

<Placemark>
        <name>1106</name>
        <description><![CDATA[description: nombre: <br>descripción: <br>ID: 33846.0000000000<br>ENTIDAD: 16<br>DISTRITO_F: 10<br>DISTRITO_L: 11<br>MUNICIPIO: 54<br>TIPO: 2<br>CONTROL: 0.0000000000<br>nombre: <br>descripción: <br>ID: 33846.0000000000<br>ENTIDAD: 16<br>DISTRITO_F: 10<br>DISTRITO_L: 11<br>MUNICIPIO: 54<br>TIPO: 2<br>CONTROL: 0.0000000000]]></description>
        
        <ExtendedData>
          <Data name="description">
            <value>nombre: 
descripción: 
ID: 33846.0000000000
ENTIDAD: 16
DISTRITO_F: 10
DISTRITO_L: 11
MUNICIPIO: 54
TIPO: 2
CONTROL: 0.0000000000</value>
          </Data>
          <Data name="nombre">
            <value/>
          </Data>
          <Data name="descripción">
            <value/>
          </Data>
          <Data name="ID">
            <value>33846.0000000000</value>
          </Data>
          <Data name="ENTIDAD">
            <value>16</value>
          </Data>
          <Data name="DISTRITO_F">
            <value>10</value>
          </Data>
          <Data name="DISTRITO_L">
            <value>11</value>
          </Data>
          <Data name="MUNICIPIO">
            <value>54</value>
          </Data>
          <Data name="TIPO">
            <value>2</value>
          </Data>
          <Data name="CONTROL">
            <value>0.0000000000</value>
          </Data>
        </ExtendedData>
        <Polygon>
          <outerBoundaryIs>
            <LinearRing>
              <tessellate>1</tessellate>
              <coordinates>
                -101.1406,19.70189,0
                -101.141195,19.701905,0
                -101.142115,19.701777,0
                -101.142361,19.701674,0
                -101.142589,19.701581,0
                -101.142794,19.701488,0
                -101.142786,19.701467,0
                -101.142751,19.700851,0
                -101.142938,19.700648,0
                -101.143192,19.700374,0
                -101.143437,19.70011,0
                -101.143679,19.699849,0
                -101.143936,19.699571,0
                -101.144194,19.699293,0
                -101.144207,19.699278,0
                -101.144424,19.699044,0
                -101.144532,19.698999,0
                -101.144896,19.698815,0
                -101.14561,19.698452,0
                -101.146006,19.698251,0
                -101.14608,19.698213,0
                -101.146692,19.697902,0
                -101.146447,19.697711,0
                -101.145553,19.697897,0
                -101.14505,19.697986,0
                -101.144499,19.698094,0
                -101.144326,19.698128,0
                -101.14362,19.698221,0
                -101.143482,19.698038,0
                -101.143359,19.697873,0
                -101.143307,19.6978,0
                -101.142716,19.696963,0
                -101.142657,19.69688,0
                -101.14264,19.696855,0
                -101.142689,19.696822,0
                -101.142953,19.69664,0
                -101.143175,19.696488,0
                -101.143428,19.696252,0
                -101.143452,19.696214,0
                -101.143653,19.695642,0
                -101.143843,19.695478,0
                -101.142744,19.695638,0
                -101.142567,19.695635,0
                -101.142271,19.695676,0
                -101.142168,19.695702,0
                -101.141842,19.695455,0
                -101.141538,19.695223,0
                -101.141239,19.694982,0
                -101.140906,19.694715,0
                -101.140637,19.694498,0
                -101.140544,19.694424,0
                -101.14024,19.694713,0
                -101.139796,19.694,0
                -101.139054,19.692263,0
                -101.138184,19.69229,0
                -101.137975,19.692283,0
                -101.136607,19.692831,0
                -101.13748,19.695525,0
                -101.139083,19.699889,0
                -101.139547,19.701162,0
                -101.139956,19.701044,0
                -101.140258,19.701526,0
                -101.1406,19.70189,0
              </coordinates>
            </LinearRing>
          </outerBoundaryIs>
        </Polygon>
      
      <Style>
        <PolyStyle>
          <color>80eb6325</color>
        </PolyStyle>
        <LineStyle>
          <color>ffeb6325</color>
          <width>2</width>
        </LineStyle>
      </Style>
    </Placemark>

<Placemark>
        <name>1081</name>
        <description><![CDATA[description: nombre: <br>descripción: <br>ID: 33821.0000000000<br>ENTIDAD: 16<br>DISTRITO_F: 10<br>DISTRITO_L: 11<br>MUNICIPIO: 54<br>TIPO: 2<br>CONTROL: 0.0000000000<br>nombre: <br>descripción: <br>ID: 33821.0000000000<br>ENTIDAD: 16<br>DISTRITO_F: 10<br>DISTRITO_L: 11<br>MUNICIPIO: 54<br>TIPO: 2<br>CONTROL: 0.0000000000]]></description>
        
        <ExtendedData>
          <Data name="description">
            <value>nombre: 
descripción: 
ID: 33821.0000000000
ENTIDAD: 16
DISTRITO_F: 10
DISTRITO_L: 11
MUNICIPIO: 54
TIPO: 2
CONTROL: 0.0000000000</value>
          </Data>
          <Data name="nombre">
            <value/>
          </Data>
          <Data name="descripción">
            <value/>
          </Data>
          <Data name="ID">
            <value>33821.0000000000</value>
          </Data>
          <Data name="ENTIDAD">
            <value>16</value>
          </Data>
          <Data name="DISTRITO_F">
            <value>10</value>
          </Data>
          <Data name="DISTRITO_L">
            <value>11</value>
          </Data>
          <Data name="MUNICIPIO">
            <value>54</value>
          </Data>
          <Data name="TIPO">
            <value>2</value>
          </Data>
          <Data name="CONTROL">
            <value>0.0000000000</value>
          </Data>
        </ExtendedData>
        <Polygon>
          <outerBoundaryIs>
            <LinearRing>
              <tessellate>1</tessellate>
              <coordinates>
                -101.171931,19.701334,0
                -101.172043,19.700117,0
                -101.172158,19.698893,0
                -101.173051,19.698977,0
                -101.173339,19.699004,0
                -101.173966,19.699062,0
                -101.174012,19.698541,0
                -101.174072,19.697814,0
                -101.174076,19.697773,0
                -101.17408,19.697725,0
                -101.173406,19.697587,0
                -101.173164,19.697539,0
                -101.172467,19.697403,0
                -101.172303,19.697375,0
                -101.171618,19.697242,0
                -101.171437,19.697206,0
                -101.170712,19.69706,0
                -101.170695,19.697136,0
                -101.170686,19.697175,0
                -101.170602,19.697534,0
                -101.170481,19.69876,0
                -101.170365,19.69999,0
                -101.170262,19.701198,0
                -101.171013,19.701263,0
                -101.171931,19.701334,0
              </coordinates>
            </LinearRing>
          </outerBoundaryIs>
        </Polygon>
      
      <Style>
        <PolyStyle>
          <color>80eb6325</color>
        </PolyStyle>
        <LineStyle>
          <color>ffeb6325</color>
          <width>2</width>
        </LineStyle>
      </Style>
    </Placemark>

<Placemark>
        <name>1082</name>
        <description><![CDATA[description: nombre: <br>descripción: <br>ID: 33822.0000000000<br>ENTIDAD: 16<br>DISTRITO_F: 10<br>DISTRITO_L: 11<br>MUNICIPIO: 54<br>TIPO: 2<br>CONTROL: 0.0000000000<br>nombre: <br>descripción: <br>ID: 33822.0000000000<br>ENTIDAD: 16<br>DISTRITO_F: 10<br>DISTRITO_L: 11<br>MUNICIPIO: 54<br>TIPO: 2<br>CONTROL: 0.0000000000]]></description>
        
        <ExtendedData>
          <Data name="description">
            <value>nombre: 
descripción: 
ID: 33822.0000000000
ENTIDAD: 16
DISTRITO_F: 10
DISTRITO_L: 11
MUNICIPIO: 54
TIPO: 2
CONTROL: 0.0000000000</value>
          </Data>
          <Data name="nombre">
            <value/>
          </Data>
          <Data name="descripción">
            <value/>
          </Data>
          <Data name="ID">
            <value>33822.0000000000</value>
          </Data>
          <Data name="ENTIDAD">
            <value>16</value>
          </Data>
          <Data name="DISTRITO_F">
            <value>10</value>
          </Data>
          <Data name="DISTRITO_L">
            <value>11</value>
          </Data>
          <Data name="MUNICIPIO">
            <value>54</value>
          </Data>
          <Data name="TIPO">
            <value>2</value>
          </Data>
          <Data name="CONTROL">
            <value>0.0000000000</value>
          </Data>
        </ExtendedData>
        <Polygon>
          <outerBoundaryIs>
            <LinearRing>
              <tessellate>1</tessellate>
              <coordinates>
                -101.171607,19.704954,0
                -101.171678,19.70436,0
                -101.171714,19.703777,0
                -101.171831,19.702549,0
                -101.171931,19.701334,0
                -101.171013,19.701263,0
                -101.170262,19.701198,0
                -101.170129,19.702409,0
                -101.170044,19.703229,0
                -101.170001,19.703645,0
                -101.169875,19.704977,0
                -101.170681,19.704965,0
                -101.171142,19.70496,0
                -101.171607,19.704954,0
              </coordinates>
            </LinearRing>
          </outerBoundaryIs>
        </Polygon>
      
      <Style>
        <PolyStyle>
          <color>80eb6325</color>
        </PolyStyle>
        <LineStyle>
          <color>ffeb6325</color>
          <width>2</width>
        </LineStyle>
      </Style>
    </Placemark>

<Placemark>
        <name>1084</name>
        <description><![CDATA[description: nombre: <br>descripción: <br>ID: 33824.0000000000<br>ENTIDAD: 16<br>DISTRITO_F: 10<br>DISTRITO_L: 11<br>MUNICIPIO: 54<br>TIPO: 2<br>CONTROL: 0.0000000000<br>nombre: <br>descripción: <br>ID: 33824.0000000000<br>ENTIDAD: 16<br>DISTRITO_F: 10<br>DISTRITO_L: 11<br>MUNICIPIO: 54<br>TIPO: 2<br>CONTROL: 0.0000000000]]></description>
        
        <ExtendedData>
          <Data name="description">
            <value>nombre: 
descripción: 
ID: 33824.0000000000
ENTIDAD: 16
DISTRITO_F: 10
DISTRITO_L: 11
MUNICIPIO: 54
TIPO: 2
CONTROL: 0.0000000000</value>
          </Data>
          <Data name="nombre">
            <value/>
          </Data>
          <Data name="descripción">
            <value/>
          </Data>
          <Data name="ID">
            <value>33824.0000000000</value>
          </Data>
          <Data name="ENTIDAD">
            <value>16</value>
          </Data>
          <Data name="DISTRITO_F">
            <value>10</value>
          </Data>
          <Data name="DISTRITO_L">
            <value>11</value>
          </Data>
          <Data name="MUNICIPIO">
            <value>54</value>
          </Data>
          <Data name="TIPO">
            <value>2</value>
          </Data>
          <Data name="CONTROL">
            <value>0.0000000000</value>
          </Data>
        </ExtendedData>
        <Polygon>
          <outerBoundaryIs>
            <LinearRing>
              <tessellate>1</tessellate>
              <coordinates>
                -101.16879,19.704984,0
                -101.168848,19.70428,0
                -101.168887,19.703844,0
                -101.168907,19.703554,0
                -101.168493,19.703523,0
                -101.168116,19.703487,0
                -101.167703,19.703458,0
                -101.167332,19.703425,0
                -101.166257,19.703349,0
                -101.165792,19.703309,0
                -101.165614,19.704018,0
                -101.165193,19.703984,0
                -101.164336,19.703903,0
                -101.164402,19.704065,0
                -101.16464,19.704535,0
                -101.164724,19.704735,0
                -101.164956,19.705288,0
                -101.165272,19.705227,0
                -101.165311,19.705219,0
                -101.165872,19.705116,0
                -101.166469,19.705025,0
                -101.166624,19.704994,0
                -101.16678,19.704963,0
                -101.16719,19.704966,0
                -101.167533,19.704968,0
                -101.167699,19.704972,0
                -101.167959,19.704975,0
                -101.1683,19.704982,0
                -101.16879,19.704984,0
              </coordinates>
            </LinearRing>
          </outerBoundaryIs>
        </Polygon>
      
      <Style>
        <PolyStyle>
          <color>80eb6325</color>
        </PolyStyle>
        <LineStyle>
          <color>ffeb6325</color>
          <width>2</width>
        </LineStyle>
      </Style>
    </Placemark>

<Placemark>
        <name>1085</name>
        <description><![CDATA[description: nombre: <br>descripción: <br>ID: 33825.0000000000<br>ENTIDAD: 16<br>DISTRITO_F: 10<br>DISTRITO_L: 11<br>MUNICIPIO: 54<br>TIPO: 2<br>CONTROL: 0.0000000000<br>nombre: <br>descripción: <br>ID: 33825.0000000000<br>ENTIDAD: 16<br>DISTRITO_F: 10<br>DISTRITO_L: 11<br>MUNICIPIO: 54<br>TIPO: 2<br>CONTROL: 0.0000000000]]></description>
        
        <ExtendedData>
          <Data name="description">
            <value>nombre: 
descripción: 
ID: 33825.0000000000
ENTIDAD: 16
DISTRITO_F: 10
DISTRITO_L: 11
MUNICIPIO: 54
TIPO: 2
CONTROL: 0.0000000000</value>
          </Data>
          <Data name="nombre">
            <value/>
          </Data>
          <Data name="descripción">
            <value/>
          </Data>
          <Data name="ID">
            <value>33825.0000000000</value>
          </Data>
          <Data name="ENTIDAD">
            <value>16</value>
          </Data>
          <Data name="DISTRITO_F">
            <value>10</value>
          </Data>
          <Data name="DISTRITO_L">
            <value>11</value>
          </Data>
          <Data name="MUNICIPIO">
            <value>54</value>
          </Data>
          <Data name="TIPO">
            <value>2</value>
          </Data>
          <Data name="CONTROL">
            <value>0.0000000000</value>
          </Data>
        </ExtendedData>
        <Polygon>
          <outerBoundaryIs>
            <LinearRing>
              <tessellate>1</tessellate>
              <coordinates>
                -101.168907,19.703554,0
                -101.168972,19.7029,0
                -101.168997,19.7025,0
                -101.169021,19.70231,0
                -101.168233,19.702241,0
                -101.167457,19.702173,0
                -101.167002,19.702128,0
                -101.166521,19.702088,0
                -101.165618,19.70199,0
                -101.164774,19.701919,0
                -101.164298,19.701865,0
                -101.16382,19.701828,0
                -101.163375,19.701792,0
                -101.163457,19.701967,0
                -101.163707,19.702498,0
                -101.163899,19.702959,0
                -101.163997,19.703156,0
                -101.164276,19.70377,0
                -101.164336,19.703903,0
                -101.165193,19.703984,0
                -101.165614,19.704018,0
                -101.165792,19.703309,0
                -101.166257,19.703349,0
                -101.167332,19.703425,0
                -101.167703,19.703458,0
                -101.168116,19.703487,0
                -101.168493,19.703523,0
                -101.168907,19.703554,0
              </coordinates>
            </LinearRing>
          </outerBoundaryIs>
        </Polygon>
      
      <Style>
        <PolyStyle>
          <color>80eb6325</color>
        </PolyStyle>
        <LineStyle>
          <color>ffeb6325</color>
          <width>2</width>
        </LineStyle>
      </Style>
    </Placemark>

<Placemark>
        <name>1086</name>
        <description><![CDATA[description: nombre: <br>descripción: <br>ID: 33826.0000000000<br>ENTIDAD: 16<br>DISTRITO_F: 10<br>DISTRITO_L: 11<br>MUNICIPIO: 54<br>TIPO: 2<br>CONTROL: 0.0000000000<br>nombre: <br>descripción: <br>ID: 33826.0000000000<br>ENTIDAD: 16<br>DISTRITO_F: 10<br>DISTRITO_L: 11<br>MUNICIPIO: 54<br>TIPO: 2<br>CONTROL: 0.0000000000]]></description>
        
        <ExtendedData>
          <Data name="description">
            <value>nombre: 
descripción: 
ID: 33826.0000000000
ENTIDAD: 16
DISTRITO_F: 10
DISTRITO_L: 11
MUNICIPIO: 54
TIPO: 2
CONTROL: 0.0000000000</value>
          </Data>
          <Data name="nombre">
            <value/>
          </Data>
          <Data name="descripción">
            <value/>
          </Data>
          <Data name="ID">
            <value>33826.0000000000</value>
          </Data>
          <Data name="ENTIDAD">
            <value>16</value>
          </Data>
          <Data name="DISTRITO_F">
            <value>10</value>
          </Data>
          <Data name="DISTRITO_L">
            <value>11</value>
          </Data>
          <Data name="MUNICIPIO">
            <value>54</value>
          </Data>
          <Data name="TIPO">
            <value>2</value>
          </Data>
          <Data name="CONTROL">
            <value>0.0000000000</value>
          </Data>
        </ExtendedData>
        <Polygon>
          <outerBoundaryIs>
            <LinearRing>
              <tessellate>1</tessellate>
              <coordinates>
                -101.166521,19.702088,0
                -101.166642,19.701501,0
                -101.166719,19.701173,0
                -101.166818,19.700722,0
                -101.165101,19.700412,0
                -101.165312,19.699423,0
                -101.164883,19.699349,0
                -101.164847,19.699531,0
                -101.164782,19.699519,0
                -101.163742,19.699315,0
                -101.163794,19.699121,0
                -101.163304,19.699028,0
                -101.163321,19.698938,0
                -101.16281,19.698885,0
                -101.162189,19.698831,0
                -101.162092,19.699892,0
                -101.162398,19.699815,0
                -101.162505,19.699871,0
                -101.162741,19.700416,0
                -101.162831,19.70062,0
                -101.163087,19.701166,0
                -101.163342,19.701721,0
                -101.163375,19.701792,0
                -101.16382,19.701828,0
                -101.164298,19.701865,0
                -101.164774,19.701919,0
                -101.165618,19.70199,0
                -101.166521,19.702088,0
              </coordinates>
            </LinearRing>
          </outerBoundaryIs>
        </Polygon>
      
      <Style>
        <PolyStyle>
          <color>80eb6325</color>
        </PolyStyle>
        <LineStyle>
          <color>ffeb6325</color>
          <width>2</width>
        </LineStyle>
      </Style>
    </Placemark>

<Placemark>
        <name>1087</name>
        <description><![CDATA[description: nombre: <br>descripción: <br>ID: 33827.0000000000<br>ENTIDAD: 16<br>DISTRITO_F: 10<br>DISTRITO_L: 11<br>MUNICIPIO: 54<br>TIPO: 2<br>CONTROL: 0.0000000000<br>nombre: <br>descripción: <br>ID: 33827.0000000000<br>ENTIDAD: 16<br>DISTRITO_F: 10<br>DISTRITO_L: 11<br>MUNICIPIO: 54<br>TIPO: 2<br>CONTROL: 0.0000000000]]></description>
        
        <ExtendedData>
          <Data name="description">
            <value>nombre: 
descripción: 
ID: 33827.0000000000
ENTIDAD: 16
DISTRITO_F: 10
DISTRITO_L: 11
MUNICIPIO: 54
TIPO: 2
CONTROL: 0.0000000000</value>
          </Data>
          <Data name="nombre">
            <value/>
          </Data>
          <Data name="descripción">
            <value/>
          </Data>
          <Data name="ID">
            <value>33827.0000000000</value>
          </Data>
          <Data name="ENTIDAD">
            <value>16</value>
          </Data>
          <Data name="DISTRITO_F">
            <value>10</value>
          </Data>
          <Data name="DISTRITO_L">
            <value>11</value>
          </Data>
          <Data name="MUNICIPIO">
            <value>54</value>
          </Data>
          <Data name="TIPO">
            <value>2</value>
          </Data>
          <Data name="CONTROL">
            <value>0.0000000000</value>
          </Data>
        </ExtendedData>
        <Polygon>
          <outerBoundaryIs>
            <LinearRing>
              <tessellate>1</tessellate>
              <coordinates>
                -101.166818,19.700722,0
                -101.167025,19.69975,0
                -101.167102,19.699406,0
                -101.167168,19.69909,0
                -101.167228,19.698767,0
                -101.167273,19.698571,0
                -101.167341,19.698245,0
                -101.167567,19.6972,0
                -101.1677,19.696496,0
                -101.166047,19.696186,0
                -101.165848,19.696147,0
                -101.164304,19.695947,0
                -101.163969,19.696004,0
                -101.163535,19.695957,0
                -101.163397,19.695883,0
                -101.163068,19.695857,0
                -101.162527,19.695805,0
                -101.162507,19.695868,0
                -101.162497,19.695899,0
                -101.162468,19.695991,0
                -101.162407,19.696666,0
                -101.162384,19.69687,0
                -101.16227,19.697898,0
                -101.162189,19.698831,0
                -101.16281,19.698885,0
                -101.163321,19.698938,0
                -101.163304,19.699028,0
                -101.163794,19.699121,0
                -101.163742,19.699315,0
                -101.164782,19.699519,0
                -101.164847,19.699531,0
                -101.164883,19.699349,0
                -101.165312,19.699423,0
                -101.165101,19.700412,0
                -101.166818,19.700722,0
              </coordinates>
            </LinearRing>
          </outerBoundaryIs>
        </Polygon>
      
      <Style>
        <PolyStyle>
          <color>80eb6325</color>
        </PolyStyle>
        <LineStyle>
          <color>ffeb6325</color>
          <width>2</width>
        </LineStyle>
      </Style>
    </Placemark>

<Placemark>
        <name>1094</name>
        <description><![CDATA[description: nombre: <br>descripción: <br>ID: 33834.0000000000<br>ENTIDAD: 16<br>DISTRITO_F: 10<br>DISTRITO_L: 11<br>MUNICIPIO: 54<br>TIPO: 2<br>CONTROL: 0.0000000000<br>nombre: <br>descripción: <br>ID: 33834.0000000000<br>ENTIDAD: 16<br>DISTRITO_F: 10<br>DISTRITO_L: 11<br>MUNICIPIO: 54<br>TIPO: 2<br>CONTROL: 0.0000000000]]></description>
        
        <ExtendedData>
          <Data name="description">
            <value>nombre: 
descripción: 
ID: 33834.0000000000
ENTIDAD: 16
DISTRITO_F: 10
DISTRITO_L: 11
MUNICIPIO: 54
TIPO: 2
CONTROL: 0.0000000000</value>
          </Data>
          <Data name="nombre">
            <value/>
          </Data>
          <Data name="descripción">
            <value/>
          </Data>
          <Data name="ID">
            <value>33834.0000000000</value>
          </Data>
          <Data name="ENTIDAD">
            <value>16</value>
          </Data>
          <Data name="DISTRITO_F">
            <value>10</value>
          </Data>
          <Data name="DISTRITO_L">
            <value>11</value>
          </Data>
          <Data name="MUNICIPIO">
            <value>54</value>
          </Data>
          <Data name="TIPO">
            <value>2</value>
          </Data>
          <Data name="CONTROL">
            <value>0.0000000000</value>
          </Data>
        </ExtendedData>
        <Polygon>
          <outerBoundaryIs>
            <LinearRing>
              <tessellate>1</tessellate>
              <coordinates>
                -101.163342,19.701721,0
                -101.163087,19.701166,0
                -101.162831,19.70062,0
                -101.162341,19.70081,0
                -101.161866,19.700994,0
                -101.161373,19.701186,0
                -101.161073,19.701302,0
                -101.160979,19.701339,0
                -101.160952,19.701349,0
                -101.160586,19.701491,0
                -101.160207,19.701638,0
                -101.159795,19.701797,0
                -101.159401,19.701949,0
                -101.159005,19.702102,0
                -101.158615,19.702253,0
                -101.158086,19.702458,0
                -101.158058,19.702469,0
                -101.15774,19.702593,0
                -101.157657,19.702626,0
                -101.158253,19.703094,0
                -101.158768,19.703496,0
                -101.158849,19.703471,0
                -101.159101,19.703372,0
                -101.15949,19.703222,0
                -101.159837,19.703087,0
                -101.159871,19.703074,0
                -101.160284,19.702913,0
                -101.160685,19.702758,0
                -101.160918,19.702667,0
                -101.16108,19.702604,0
                -101.161446,19.702462,0
                -101.161852,19.702304,0
                -101.16237,19.702103,0
                -101.162599,19.702013,0
                -101.162832,19.701922,0
                -101.163342,19.701721,0
              </coordinates>
            </LinearRing>
          </outerBoundaryIs>
        </Polygon>
      
      <Style>
        <PolyStyle>
          <color>80eb6325</color>
        </PolyStyle>
        <LineStyle>
          <color>ffeb6325</color>
          <width>2</width>
        </LineStyle>
      </Style>
    </Placemark>

<Placemark>
        <name>1095</name>
        <description><![CDATA[description: nombre: <br>descripción: <br>ID: 33835.0000000000<br>ENTIDAD: 16<br>DISTRITO_F: 10<br>DISTRITO_L: 11<br>MUNICIPIO: 54<br>TIPO: 2<br>CONTROL: 0.0000000000<br>nombre: <br>descripción: <br>ID: 33835.0000000000<br>ENTIDAD: 16<br>DISTRITO_F: 10<br>DISTRITO_L: 11<br>MUNICIPIO: 54<br>TIPO: 2<br>CONTROL: 0.0000000000]]></description>
        
        <ExtendedData>
          <Data name="description">
            <value>nombre: 
descripción: 
ID: 33835.0000000000
ENTIDAD: 16
DISTRITO_F: 10
DISTRITO_L: 11
MUNICIPIO: 54
TIPO: 2
CONTROL: 0.0000000000</value>
          </Data>
          <Data name="nombre">
            <value/>
          </Data>
          <Data name="descripción">
            <value/>
          </Data>
          <Data name="ID">
            <value>33835.0000000000</value>
          </Data>
          <Data name="ENTIDAD">
            <value>16</value>
          </Data>
          <Data name="DISTRITO_F">
            <value>10</value>
          </Data>
          <Data name="DISTRITO_L">
            <value>11</value>
          </Data>
          <Data name="MUNICIPIO">
            <value>54</value>
          </Data>
          <Data name="TIPO">
            <value>2</value>
          </Data>
          <Data name="CONTROL">
            <value>0.0000000000</value>
          </Data>
        </ExtendedData>
        <Polygon>
          <outerBoundaryIs>
            <LinearRing>
              <tessellate>1</tessellate>
              <coordinates>
                -101.163899,19.702959,0
                -101.163707,19.702498,0
                -101.163457,19.701967,0
                -101.163375,19.701792,0
                -101.163342,19.701721,0
                -101.162832,19.701922,0
                -101.162599,19.702013,0
                -101.16237,19.702103,0
                -101.161852,19.702304,0
                -101.161446,19.702462,0
                -101.16108,19.702604,0
                -101.160918,19.702667,0
                -101.160685,19.702758,0
                -101.160284,19.702913,0
                -101.159871,19.703074,0
                -101.159837,19.703087,0
                -101.15949,19.703222,0
                -101.159101,19.703372,0
                -101.158849,19.703471,0
                -101.158768,19.703496,0
                -101.159488,19.70406,0
                -101.159606,19.704154,0
                -101.159655,19.704192,0
                -101.160017,19.704476,0
                -101.160098,19.704457,0
                -101.160155,19.704435,0
                -101.16042,19.704332,0
                -101.160605,19.70426,0
                -101.160826,19.704172,0
                -101.16121,19.704021,0
                -101.1616,19.703867,0
                -101.161668,19.70384,0
                -101.161996,19.70371,0
                -101.162381,19.703557,0
                -101.162411,19.703546,0
                -101.162913,19.703347,0
                -101.163052,19.703292,0
                -101.163387,19.70316,0
                -101.163899,19.702959,0
              </coordinates>
            </LinearRing>
          </outerBoundaryIs>
        </Polygon>
      
      <Style>
        <PolyStyle>
          <color>80eb6325</color>
        </PolyStyle>
        <LineStyle>
          <color>ffeb6325</color>
          <width>2</width>
        </LineStyle>
      </Style>
    </Placemark>

<Placemark>
        <name>1096</name>
        <description><![CDATA[description: nombre: <br>descripción: <br>ID: 33836.0000000000<br>ENTIDAD: 16<br>DISTRITO_F: 10<br>DISTRITO_L: 11<br>MUNICIPIO: 54<br>TIPO: 2<br>CONTROL: 0.0000000000<br>nombre: <br>descripción: <br>ID: 33836.0000000000<br>ENTIDAD: 16<br>DISTRITO_F: 10<br>DISTRITO_L: 11<br>MUNICIPIO: 54<br>TIPO: 2<br>CONTROL: 0.0000000000]]></description>
        
        <ExtendedData>
          <Data name="description">
            <value>nombre: 
descripción: 
ID: 33836.0000000000
ENTIDAD: 16
DISTRITO_F: 10
DISTRITO_L: 11
MUNICIPIO: 54
TIPO: 2
CONTROL: 0.0000000000</value>
          </Data>
          <Data name="nombre">
            <value/>
          </Data>
          <Data name="descripción">
            <value/>
          </Data>
          <Data name="ID">
            <value>33836.0000000000</value>
          </Data>
          <Data name="ENTIDAD">
            <value>16</value>
          </Data>
          <Data name="DISTRITO_F">
            <value>10</value>
          </Data>
          <Data name="DISTRITO_L">
            <value>11</value>
          </Data>
          <Data name="MUNICIPIO">
            <value>54</value>
          </Data>
          <Data name="TIPO">
            <value>2</value>
          </Data>
          <Data name="CONTROL">
            <value>0.0000000000</value>
          </Data>
        </ExtendedData>
        <Polygon>
          <outerBoundaryIs>
            <LinearRing>
              <tessellate>1</tessellate>
              <coordinates>
                -101.164956,19.705288,0
                -101.164724,19.704735,0
                -101.16464,19.704535,0
                -101.164402,19.704065,0
                -101.164336,19.703903,0
                -101.164276,19.70377,0
                -101.163997,19.703156,0
                -101.163899,19.702959,0
                -101.163387,19.70316,0
                -101.163052,19.703292,0
                -101.162913,19.703347,0
                -101.162411,19.703546,0
                -101.162381,19.703557,0
                -101.161996,19.70371,0
                -101.161668,19.70384,0
                -101.1616,19.703867,0
                -101.16121,19.704021,0
                -101.160826,19.704172,0
                -101.160605,19.70426,0
                -101.16042,19.704332,0
                -101.160155,19.704435,0
                -101.160098,19.704457,0
                -101.160017,19.704476,0
                -101.160271,19.704686,0
                -101.160644,19.704995,0
                -101.160747,19.705086,0
                -101.161092,19.705379,0
                -101.161581,19.705721,0
                -101.161648,19.705778,0
                -101.16174,19.705766,0
                -101.162003,19.705732,0
                -101.162408,19.705679,0
                -101.162705,19.705642,0
                -101.162844,19.705625,0
                -101.163326,19.705565,0
                -101.163654,19.70552,0
                -101.163873,19.70549,0
                -101.164225,19.70544,0
                -101.164388,19.705404,0
                -101.164956,19.705288,0
              </coordinates>
            </LinearRing>
          </outerBoundaryIs>
        </Polygon>
      
      <Style>
        <PolyStyle>
          <color>80eb6325</color>
        </PolyStyle>
        <LineStyle>
          <color>ffeb6325</color>
          <width>2</width>
        </LineStyle>
      </Style>
    </Placemark>
  </Document>
</kml>